Movie_Name,Duration,Year,Rating,Rating_count
The Kashmir Files,2h 50m,2022,8.6,575000
3 Idiots,2h 50m,2009,8.4,440000
Dangal,2h 41m,2016,8.3,214000
Like Stars on Earth,2h 42m,2007,8.3,209000
PK,2h 33m,2014,8.1,203000
Radhe,1h 53m,2021,1.9,180000
Laal Singh Chaddha,2h 39m,2022,5.6,178000
Pathaan,2h 26m,2023,5.8,158000
Dil Bechara,1h 41m,2020,8.3,135000
Adipurush,2h 59m,2023,2.7,134000
Shershaah,2h 15m,2021,8.3,130000
12th Fail,2h 27m,2023,8.9,123000
Rang De Basanti,2h 47m,2006,8.1,123000
Lagaan: Once Upon a Time in India,3h 44m,2001,8.1,122000
My Name Is Khan,2h 45m,2010,7.9,117000
Brahmastra Part One: Shiva,2h 47m,2022,5.6,112000
Gangs of Wasseypur,5h 21m,2012,8.2,105000
Andhadhun,2h 19m,2018,8.2,104000
"Swades: We, the People",3h 30m,2004,8.2,99000
Bajrangi Bhaijaan,2h 43m,2015,8.1,99000
Jawan,2h 49m,2023,7,98000
Sadak 2,2h 13m,2020,1.2,97000
Drishyam,2h 43m,2015,8.2,96000
Animal,3h 24m,2023,6.2,95000
Munna Bhai M.B.B.S.,2h 36m,2003,8.1,89000
Barfi!,2h 31m,2012,8.1,87000
Zindagi Na Milegi Dobara,2h 35m,2011,8.2,87000
Chak De! India,2h 33m,2007,8.1,85000
A Wednesday,1h 44m,2008,8.1,83000
Sooryavanshi,2h 25m,2021,5.9,79000
Dilwale Dulhania Le Jayenge,3h 9m,1995,8,78000
Dunki,2h 40m,2023,6.6,76000
Dil Chahta Hai,3h 3m,2001,8.1,76000
Kal Ho Naa Ho,3h 6m,2003,7.9,76000
Coolie No. 1,2h 14m,2020,4.2,74000
Hera Pheri,2h 36m,2000,8.2,73000
Uri: The Surgical Strike,2h 18m,2019,8.2,73000
Kick,2h 26m,2014,6,73000
Bhaag Milkha Bhaag,3h 6m,2013,8.2,73000
Hotel Mumbai,2h 3m,2018,7.6,72000
M.S. Dhoni: The Untold Story,3h 4m,2016,8,69000
Queen,2h 26m,2013,8.1,69000
Ghajini,3h 6m,2008,7.3,67000
Kahaani,2h 2m,2012,8.1,66000
OMG: Oh My God!,2h 5m,2012,8.1,66000
The White Tiger,2h 5m,2021,7.1,66000
Chennai Express,2h 21m,2013,6.2,64000
Chhichhore,2h 23m,2019,8.3,64000
Gangubai Kathiawadi,2h 32m,2022,7.8,63000
Sanju,2h 35m,2018,7.6,62000
Dasvi,2h 5m,2022,7.4,62000
The Lunchbox,1h 44m,2013,7.8,61000
Baby,2h 39m,2015,7.9,61000
Gunday,2h 32m,2014,2.7,60000
Tumbbad,1h 44m,2018,8.2,60000
Special Chabbis,2h 24m,2013,8,60000
Jab We Met,2h 18m,2007,7.9,60000
Jab Tak Hai Jaan,3h 18m,2012,6.7,59000
Rocketry: The Nambi Effect,2h 37m,2022,8.7,59000
Sholay,3h 24m,1975,8.1,59000
Airlift,2h 10m,2016,7.9,59000
Laxmii,2h 21m,2020,2.5,59000
Don 2,2h 28m,2011,7.1,59000
Haider,2h 40m,2014,8,58000
Veer Zaara,3h 12m,2004,7.8,58000
Kuch Kuch Hota Hai,2h 57m,1998,7.5,58000
Kabhi Khushi Kabhie Gham...,3h 30m,2001,7.4,57000
Shamshera,2h 58m,2022,4.7,57000
Andaz Apna Apna,2h 40m,1994,8,56000
Rab Ne Bana Di Jodi,2h 47m,2008,7.2,54000
Chor Nikal Ke Bhaga,1h 50m,2023,7.2,54000
Tiger 3,2h 35m,2023,5.7,54000
Samrat Prithviraj,2h 15m,2022,5.6,54000
The Archies,2h 21m,2023,4.3,53000
Sultan,2h 50m,2016,7.1,52000
Yeh Jawaani Hai Deewani,2h 56m,2013,7.2,52000
Toofaan,2h 43m,2021,6.1,52000
Lust Stories 2,2h 12m,2023,5.8,51000
Teri Baaton Mein Aisa Uljha Jiya,2h 21m,2024,6.3,51000
Raees,2h 23m,2017,6.6,51000
Lage Raho Munna Bhai,2h 24m,2006,8,51000
Om Shanti Om,2h 42m,2007,6.8,50000
Murder Mubarak,2h 20m,2024,5.9,50000
Rockstar,2h 39m,2011,7.8,50000
Fan,2h 18m,2016,6.9,50000
Dhoom 3,2h 52m,2013,5.4,50000
Race 3,2h 40m,2018,1.9,49000
Pink,2h 16m,2016,8.1,49000
Shaitaan,2h 12m,2024,6.6,48000
Sardar Udham,2h 44m,2021,8.4,48000
Fighter,2h 46m,2024,6.2,48000
Udaan,2h 14m,2010,8.1,48000
Liger,2h 20m,2022,2.6,47000
Devdas,3h 2m,2002,7.5,47000
Ra.One,2h 36m,2011,4.8,47000
Drishyam 2,2h 20m,2022,8.2,46000
Vicky Donor,2h 6m,2012,7.7,46000
Talaash,2h 20m,2012,7.2,45000
Gehraiyaan,2h 28m,2022,5.8,44000
Mission Majnu,2h 9m,2023,7,44000
Gully Boy,2h 34m,2019,7.9,44000
Jayeshbhai Jordaar,2h 1m,2022,6,44000
Dear Zindagi,2h 31m,2016,7.4,44000
Ludo,2h 30m,2020,7.6,44000
Mimi,2h 12m,2021,7.8,44000
OMG 2,2h 36m,2023,7.5,43000
Rocky Aur Rani Ki Prem Kahaani,2h 48m,2023,6.5,43000
Dhamaka,1h 43m,2021,6.8,43000
Antim: The Final Truth,2h 18m,2021,6.2,42000
Don,2h 58m,2006,7.1,41000
Happy New Year,3h,2014,5,41000
83,2h 42m,2021,7.5,41000
Kabir Singh,2h 53m,2019,7,41000
Kisi Ka Bhai Kisi Ki Jaan,2h 25m,2023,4,41000
Main Hoon Na,3h 2m,2004,7,41000
English Vinglish,2h 14m,2012,7.8,40000
Jug Jugg Jeeyo,2h 28m,2022,6.1,39000
Stree,2h 8m,2018,7.5,39000
Ek Tha Tiger,2h 12m,2012,5.6,39000
Bajirao Mastani,2h 38m,2015,7.3,39000
Kai po che!,2h 10m,2013,7.8,39000
Dilwale,2h 38m,2015,5.1,39000
Talvar,2h 12m,2015,8.1,39000
Badhaai Ho,2h 4m,2018,7.9,38000
Paan Singh Tomar,2h 15m,2012,8.2,38000
Bade Miyan Chote Miyan,2h 43m,2024,4.1,38000
Super 30,2h 34m,2019,7.9,38000
Padmaavat,2h 43m,2018,7.1,37000
Article 15,2h 10m,2019,8.1,37000
Laapataa Ladies,2h 2m,2023,8.5,37000
Madgaon Express,2h 23m,2024,7.1,37000
Bachchhan Paandey,2h 27m,2022,5,37000
Black,2h 2m,2005,8.1,36000
Tanhaji: The Unsung Warrior,2h 15m,2020,7.5,36000
The Tashkent Files,2h 14m,2019,8.1,36000
Gunjan Saxena: The Kargil Girl,1h 52m,2020,5.5,36000
Anand,2h 2m,1971,8.1,36000
Fanaa,2h 48m,2006,7.1,35000
Crew,1h 58m,2024,5.9,35000
Raanjhanaa,2h 20m,2013,7.6,35000
Jodhaa Akbar,3h 33m,2008,7.5,35000
Dabangg,2h 6m,2010,6.2,35000
Freddy,2h 4m,2022,7.3,34000
Wake Up Sid,2h 18m,2009,7.6,34000
Piku,2h 3m,2015,7.6,34000
Tiger Zinda Hai,2h 41m,2017,5.9,34000
Raazi,2h 18m,2018,7.7,34000
Mohabbatein,3h 36m,2000,7,34000
War,2h 31m,2019,6.5,34000
Bhool Bhulaiyaa 2,2h 23m,2022,5.7,33000
Aashiqui 2,2h 12m,2013,7.1,33000
Bhool Bhulaiyaa,2h 39m,2007,7.4,33000
Major,2h 30m,2022,8.1,33000
Bharat,2h 30m,2019,4.7,33000
Tamasha,2h 19m,2015,7.4,32000
Dev.D,2h 24m,2009,7.9,32000
An Action Hero,2h 10m,2022,7,32000
Udta Punjab,2h 28m,2016,7.7,32000
Hindi Medium,2h 12m,2017,7.8,32000
Radhe Shyam,2h 18m,2022,5.2,32000
Masaan,1h 49m,2015,8.1,32000
Dil Se..,2h 24m,1998,7.5,31000
Badla,1h 58m,2019,7.8,31000
Shehzada,2h 22m,2023,4.5,31000
Highway,2h 13m,2014,7.6,31000
Zero,2h 44m,2018,5.2,31000
Haseen Dillruba,2h 15m,2021,6.9,31000
Runway 34,2h 25m,2022,7,30000
Satyaprem Ki Katha,2h 26m,2023,6.7,30000
Holiday,2h 40m,2014,7.2,30000
Baazigar,2h 55m,1993,7.6,30000
Dhoom 2,2h 32m,2006,6.5,30000
Kho Gaye Hum Kahan,2h 15m,2023,7.4,30000
Tanu Weds Manu Returns,2h 8m,2015,7.6,30000
Secret Superstar,2h 30m,2017,7.8,30000
Kaabil,2h 19m,2017,7.1,30000
Padman,2h 20m,2018,7.9,29000
Sirf Ek Bandaa Kaafi Hai,2h 12m,2023,8,29000
Rustom,2h 28m,2016,7,29000
Kapoor & Sons,2h 12m,2016,7.7,29000
Jaane Tu... Ya Jaane Na,2h 35m,2008,7.4,28000
Phir Hera Pheri,2h 33m,2006,7.3,28000
Atrangi Re,2h 18m,2021,6.5,28000
Bodyguard,2h 10m,2011,4.7,28000
Chehre,2h 19m,2021,6.2,28000
Tu Jhoothi Main Makkaar,2h 30m,2023,6,28000
Koi... Mil Gaya,2h 51m,2003,7.1,28000
Chhapaak,2h,2020,5.4,28000
Heropanti 2,2h 25m,2022,2.3,28000
2.O,2h 28m,2018,6,27000
Bhoot Police,2h 9m,2021,6.7,27000
Jolly LLB 2,2h 17m,2017,7.2,27000
Merry Christmas,2h 24m,2024,6.9,27000
Sarfarosh,2h 54m,1999,8.1,27000
2 States,2h 29m,2014,6.9,27000
Agneepath,2h 54m,2012,6.9,27000
Thappad,2h 22m,2020,7,27000
Monsoon Wedding,1h 54m,2001,7.3,27000
Raksha Bandhan,1h 48m,2022,5.4,27000
Gabbar Is Back,2h 8m,2015,7,27000
Ae Dil Hai Mushkil,2h 38m,2016,5.8,26000
Bang Bang,2h 33m,2014,5.6,26000
Wanted,2h 27m,2009,6.6,26000
Badlapur,2h 14m,2015,7.4,26000
Bareilly Ki Barfi,1h 56m,2017,7.5,26000
Jhund,2h 56m,2022,7.4,26000
A Thursday,2h 8m,2022,7.7,26000
Lakshya,3h 6m,2004,7.8,26000
Welcome,2h 30m,2007,7.1,26000
Darr,2h 58m,1993,7.6,26000
Krrish 3,2h 32m,2013,5.3,26000
Chup - The Revenge of an Artist,2h 15m,2022,7.5,26000
Madras Cafe,2h 10m,2013,7.6,25000
Parmanu: The Story of Pokhran,2h 9m,2018,7.6,25000
Khosla Ka Ghosla,2h 15m,2006,8.2,25000
Gaslight,1h 51m,2023,5.8,25000
Bhediya,2h 36m,2022,6.7,25000
Guru,2h 42m,2007,7.7,25000
Bhuj: The Pride of India,1h 53m,2021,4.2,25000
Sonu Ke Titu Ki Sweety,2h 18m,2018,7.1,25000
The Vaccine War,2h 41m,2023,7.2,25000
Dil to Pagal Hai,2h 59m,1997,7,25000
Vikram Vedha,2h 40m,2022,7.1,25000
Detective Byomkesh Bakshy!,2h 19m,2015,7.6,24000
Jo Jeeta Wohi Sikandar,2h 54m,1992,8.1,24000
Fukrey 3,2h 27m,2023,5.5,24000
Krrish,3h 5m,2006,6.5,24000
Shiddat,2h 26m,2021,7.6,24000
Chandu Champion,2h 22m,2024,8.3,24000
Rowdy Rathore,2h 20m,2012,5.8,24000
Neerja,2h 2m,2016,7.6,24000
Saaho,2h 50m,2019,5,24000
Bell Bottom,2h 3m,2021,6.1,24000
Ugly,2h 8m,2013,7.9,24000
Cirkus,2h 19m,2022,4.4,24000
Toilet: Ek Prem Katha,2h 35m,2017,7.2,23000
Namastey London,2h 8m,2007,7.1,23000
Jab Harry Met Sejal,2h 23m,2017,5.1,23000
Rock On!!,2h 25m,2008,7.7,23000
Tejas,1h 52m,2023,4.4,23000
Ek Villain,2h 9m,2014,6.6,23000
Pyaar Ka Punchnama,2h 29m,2011,7.6,23000
Hum Aapke Hain Koun...!,3h 26m,1994,7.5,23000
Dhoom,2h 9m,2004,6.6,23000
Bholaa,2h 24m,2023,5.8,23000
Student of the Year 2,2h 26m,2019,2.2,23000
Anek,2h 27m,2022,6.4,23000
Goliyon Ki Raasleela Ram-leela,2h 30m,2013,6.4,22000
Kesari,2h 30m,2019,7.4,22000
Gadar 2,2h 50m,2023,5.1,22000
Bloody Daddy,2h 1m,2023,6.6,22000
Cuttputli,2h,2022,5.7,22000
Good Newwz,2h 12m,2019,6.8,22000
Omkara,2h 35m,2006,8,22000
Rocket Singh: Salesman of the Year,2h 30m,2009,7.5,22000
Simmba,2h 38m,2018,5.5,22000
Black Friday,2h 23m,2004,8.4,22000
Thugs of Hindostan,2h 44m,2018,4.1,22000
Kabhi Alvida Naa Kehna,3h 13m,2006,6.1,22000
Tubelight,2h 16m,2017,3.9,22000
Khuda Haafiz,2h 13m,2020,7.1,22000
Mulk,2h 20m,2018,7.2,22000
Darlings,2h 13m,2022,6.6,22000
Jolly LLB,2h 15m,2013,7.5,22000
Monica O My Darling,2h 9m,2022,7.4,22000
Article 370,2h 38m,2024,7.9,21000
Newton,1h 46m,2017,7.6,21000
Badhaai Do,2h 27m,2022,7,21000
Dum Laga Ke Haisha,1h 49m,2015,7.5,21000
Dobaaraa,2h 12m,2022,4.8,21000
Bad Newz,2h 22m,2024,6.4,21000
Jai Ho,2h 15m,2014,5,21000
Dabangg 3,2h 40m,2019,3,20000
Baadshah,2h 55m,1999,6.8,20000
Student of the Year,2h 26m,2012,5.3,20000
Gol Maal,2h,1979,8.5,20000
Dil Dhadakne Do,2h 50m,2015,7,20000
Manjhi: The Mountain Man,2h,2015,8,20000
Wazir,1h 43m,2016,7.1,20000
Dabangg 2,2h,2012,4.8,20000
Chhalaang,2h 16m,2020,6.7,20000
Hum Dil De Chuke Sanam,3h 8m,1999,7.4,20000
Ready,2h 25m,2011,4.9,20000
Raat Akeli Hai,2h 29m,2020,7.2,20000
Guzaarish,2h 6m,2010,7.4,20000
Kabhi Haan Kabhi Naa,2h 38m,1994,7.6,20000
Starfish,2h 1m,2023,4.6,19000
Maidaan,3h 1m,2024,8,19000
Golmaal Fun Unlimited,2h 30m,2006,7.5,19000
Raid,2h 2m,2018,7.4,19000
Mrs. Serial Killer,1h 46m,2020,4,19000
Raajneeti,2h 43m,2010,7.1,19000
Singham,2h 23m,2011,6.8,19000
Once Upon a Time in Mumbaai,2h 14m,2010,7.4,19000
Dr. G,2h 4m,2022,6.6,19000
Lootcase,2h 12m,2020,7.5,19000
Dhamaal,2h 16m,2007,7.5,18000
Meenakshi Sundareshwar,2h 20m,2021,6.8,18000
Section 375,2h 4m,2019,8.1,18000
Band Baaja Baaraat,2h 19m,2010,7.2,18000
Oye Lucky! Lucky Oye!,2h 5m,2008,7.7,18000
Gangaajal,2h 37m,2003,7.8,18000
Kaminey,2h 10m,2009,7.4,18000
October,1h 55m,2018,7.5,18000
Torbaaz,2h 13m,2020,5.1,18000
Nayak: The Real Hero,3h 7m,2001,7.8,18000
Ram Setu,2h 20m,2022,5.3,18000
Mission Raniganj,2h 14m,2023,7.1,18000
Karwaan,1h 54m,2018,7.6,18000
Shahid,2h 9m,2012,8.2,18000
Mission Mangal,2h 10m,2019,6.5,18000
Border,2h 56m,1997,7.9,18000
Iqbal,2h 12m,2005,8.1,18000
Baghban,3h 1m,2003,7.4,18000
Shaadi Mein Zaroor Aana,2h 17m,2017,7.5,18000
Race 2,2h 30m,2013,5.3,18000
Sarkar,2h 4m,2005,7.6,18000
Sam Bahadur,2h 30m,2023,7.7,17000
The Legend of Bhagat Singh,2h 35m,2002,8.1,17000
Garam Masala,2h 26m,2005,6.8,17000
Kalank,2h 46m,2019,3.6,17000
Love Aaj Kal,2h 8m,2009,6.8,17000
Mujhse Shaadi Karogi,2h 43m,2004,6.7,17000
Lootera,2h 16m,2013,7.4,17000
Hungama,2h 33m,2003,7.6,17000
Satya,2h 50m,1998,8.3,17000
Ajab Prem Ki Ghazab Kahani,2h 30m,2009,6.4,17000
Sanam Teri Kasam,2h 34m,2016,7.6,17000
Attack,2h 1m,2022,6.8,17000
The Big Bull,2h 33m,2021,5.6,17000
Chalte Chalte,2h 47m,2003,6.5,17000
Dream Girl,2h 12m,2019,7,17000
Khakee,2h 54m,2004,7.4,17000
Mr. India,2h 59m,1987,7.7,17000
Singh Is Kinng,2h 15m,2008,5.8,17000
Kaho Naa... Pyaar Hai,2h 52m,2000,6.9,17000
Tanu Weds Manu,1h 53m,2011,6.8,17000
Hit: The First Case,2h 12m,2022,6.8,17000
Hasee Toh Phasee,2h 21m,2014,6.8,16000
72 Hoorain,1h 20m,2019,7.1,16000
Swatantra Veer Savarkar,2h 56m,2024,7.7,16000
Bawaal,2h 17m,2023,6.6,16000
Manikarnika: The Queen of Jhansi,2h 28m,2019,6.4,16000
Dostana,2h 25m,2008,6.4,16000
Company,2h 35m,2002,8,16000
Bala,2h 13m,2019,7.3,16000
Pyaar Ka Punchnama 2,2h 17m,2015,7.3,16000
Race,2h 29m,2008,6.7,16000
Pardes,3h 11m,1997,6.9,16000
Satyameva Jayate 2,2h 18m,2021,3.4,16000
Psycho Raman,2h 13m,2016,7.3,16000
Karan Arjun,2h 55m,1995,6.8,16000
Housefull 2,2h 25m,2012,5.4,16000
Gulaal,2h 20m,2009,8,16000
Heyy Babyy,2h 24m,2007,6.1,16000
Housefull,2h 24m,2010,5.5,16000
Zara Hatke Zara Bachke,2h 12m,2023,6,16000
Gadar: Ek Prem Katha,2h 50m,2001,7.3,16000
Ek Villain Returns,2h 9m,2022,4.4,16000
Go Goa Gone,1h 48m,2013,6.6,16000
Shikara,1h 58m,2020,3.4,15000
Water,1h 57m,2005,7.7,15000
Chandigarh Kare Aashiqui,1h 57m,2021,6.8,15000
Cocktail,2h 26m,2012,6.3,15000
Asoka,2h 56m,2001,6.4,15000
Kedarnath,1h 56m,2018,6.8,15000
AK vs AK,1h 48m,2020,6.9,15000
Hum Tum,2h 22m,2004,7,15000
Bhagam Bhag,2h 37m,2006,6.6,15000
Desi Boyz,2h 2m,2011,5.7,15000
Madaari,2h 13m,2016,7.6,15000
The Girl on the Train,2h,2021,4,15000
Khuda Haafiz: Chapter 2 - Agni Pariksha,2h 24m,2022,7.4,15000
Ramayana: The Legend of Prince Rama,2h 15m,1993,9.2,15000
Munjya,2h 3m,2024,7.2,15000
Vaastav: The Reality,2h 25m,1999,8,15000
Gold,2h 31m,2018,7.3,15000
Jaane Bhi Do Yaaro,2h 12m,1983,8.3,15000
The Ghazi Attack,1h 56m,2017,7.5,15000
Jersey,2h 50m,2022,7.3,15000
Bulbbul,1h 34m,2020,6.6,15000
Ittefaq,1h 45m,2017,7.2,15000
Jaane Jaan,2h 19m,2023,7,14000
Paheli,2h 20m,2005,6.4,14000
Tees Maar Khan,2h 15m,2010,2.7,14000
Yes Boss,2h 43m,1997,6.7,14000
Housefull 4,2h 25m,2019,3.6,14000
Table No.21,1h 48m,2013,7.2,14000
Humpty Sharma Ki Dulhania,2h 13m,2014,6,14000
NH10,1h 55m,2015,7.2,14000
Aankhen,2h 45m,2002,7.4,14000
Hichki,1h 56m,2018,7.5,14000
Brothers,2h 36m,2015,6.4,14000
Baaghi 3,2h 23m,2020,2.2,14000
Karthik Calling Karthik,2h 15m,2010,7.1,14000
Dhobi Ghat,1h 40m,2010,7,14000
Trapped,1h 45m,2016,7.5,14000
Te3n,2h 16m,2016,7.2,14000
Chachi 420,2h 35m,1997,7.4,14000
Sipahi,1h 2m,2024,8.3,14000
Partner,2h 35m,2007,5.8,14000
Wild Wild Punjab,1h 49m,2024,6.6,14000
Badrinath Ki Dulhania,2h 19m,2017,6.1,14000
Gulabo Sitabo,2h 4m,2020,6.3,14000
Savi,2h 6m,2024,8.2,14000
Billu,2h 17m,2009,6.4,14000
Mardaani,1h 53m,2014,7.3,14000
Fukrey,2h 19m,2013,6.9,14000
Luka Chuppi,2h 6m,2019,6.4,13000
Selfiee,2h 28m,2023,5.7,13000
Lust Stories,2h,2018,6.4,13000
Chupke Chupke,2h 26m,1975,8.3,13000
Veere Di Wedding,2h 15m,2018,3.3,13000
Johnny Gaddaar,2h 15m,2007,7.9,13000
Fashion,2h 47m,2008,6.9,13000
When Love Calls,3h 12m,1989,7.3,13000
Chup Chup Ke,2h 44m,2006,7,13000
Sonchiriya,2h 23m,2019,7.9,13000
Life in a Metro,2h 12m,2007,7.4,13000
Ankhon Dekhi,1h 47m,2013,7.9,13000
No Entry,2h 38m,2005,6.6,13000
Mohenjo Daro,2h 35m,2016,5.6,13000
Peepli Live,1h 35m,2010,7.4,13000
Don,2h 55m,1978,7.7,13000
Miss Lovely,1h 53m,2012,7.4,13000
Mr. & Mrs. Mahi,2h 19m,2024,6.5,13000
Khatta Meetha,2h 37m,2010,6,13000
Paa,2h 13m,2009,7.1,13000
Batla House,2h 26m,2019,7.2,13000
Bachna Ae Haseeno,2h 32m,2008,6.2,13000
Kaam Chalu Hai,1h 22m,2024,7.5,13000
Rashmi Rocket,2h 9m,2021,7.2,13000
No One Killed Jessica,2h 16m,2011,7.2,12000
Thank God,2h 1m,2022,5.6,12000
Ghoomer,2h 15m,2023,7.6,12000
New York,2h 33m,2009,6.8,12000
Dhokha - Round D Corner,2h 2m,2022,6.2,12000
Malang,2h 15m,2020,6.5,12000
Ghulam,2h 42m,1998,7.2,12000
Bheja Fry,1h 35m,2007,7.6,12000
Maqbool,2h 12m,2003,8,12000
Dhaakad,2h 15m,2022,3.8,12000
Boss,2h 23m,2013,5.1,12000
Mom,2h 26m,2017,7.2,12000
Blackmail,2h 18m,2018,7.1,12000
Jagga Jasoos,2h 41m,2017,6.4,12000
Ishq,2h 41m,1997,6.8,12000
Deewaar,2h 54m,1975,8,12000
Baaghi 2,2h 17m,2018,4.8,12000
Bheed,2h 4m,2023,6.6,12000
Judwaa 2,2h 25m,2017,3.6,12000
Jaadugar,2h 47m,2022,6.8,12000
Aamir,1h 39m,2008,7.6,12000
Sherni,2h 11m,2021,6.8,12000
Mary Kom,2h 2m,2014,6.8,12000
Bhoothnath,2h 30m,2008,6.4,11000
Dream Girl 2,2h 14m,2023,5.2,11000
Yaariyan 2,2h 28m,2023,5.1,11000
Qayamat Se Qayamat Tak,2h 42m,1988,7.4,11000
MSG: The Messenger of God,3h 17m,2015,5.9,11000
Love Hostel,1h 40m,2022,5.8,11000
Shivaay,2h 33m,2016,6.1,11000
Sharmaji Namkeen,1h 59m,2022,7.5,11000
Kaun Pravin Tambe?,2h 14m,2022,8.3,11000
Shubh Mangal Savdhan,1h 59m,2017,6.9,11000
Mili,2h 7m,2022,6.7,11000
Luck by Chance,2h 36m,2009,7.1,11000
Josh,2h 42m,2000,6.1,11000
Chaman Bahaar,1h 51m,2020,6.9,11000
Gunda,2h 9m,1998,7.3,11000
Sanak,1h 56m,2021,6.6,11000
Phone Bhoot,2h 16m,2022,5.2,11000
Shootout at Lokhandwala,2h 2m,2007,7.1,11000
Roohi,2h 14m,2021,4.3,11000
Aitraaz,2h 40m,2004,6.6,11000
Vivah,2h 40m,2006,6.7,11000
Chhatriwali,1h 56m,2023,6.6,11000
Housefull 3,2h 20m,2016,4.9,11000
Tere Bin Laden,1h 35m,2010,7.2,11000
Golmaal Again,2h 20m,2017,5,11000
Ladies vs. Ricky Bahl,2h 20m,2011,6,11000
Kuttey,1h 49m,2023,5.5,11000
Taxi No. 9 2 11: Nau Do Gyarah,1h 56m,2006,7.3,11000
Son of Sardaar,2h 21m,2012,4.2,11000
Love Aaj Kal 2,2h 22m,2020,4.7,11000
Shubh Mangal Zyada Saavdhan,1h 57m,2020,5.8,11000
Heropanti,2h 26m,2014,5.2,11000
Mangal Pandey: The Rising,2h 30m,2005,6.5,11000
IB71,1h 57m,2023,7.2,11000
Dhadak,2h 18m,2018,4.6,11000
Shanghai,2h,2012,7.2,11000
Govinda Naam Mera,2h 11m,2022,6.5,11000
The Silence of Swastika,2h 11m,2021,9.2,11000
Rangeela,2h 22m,1995,7.4,11000
De Dana Dan,2h 42m,2009,5.8,11000
The Dirty Picture,2h 25m,2011,6.6,11000
Mardaani 2,1h 43m,2019,7.3,10000
Pagglait,1h 54m,2021,6.9,10000
Bhavesh Joshi,2h 34m,2018,7.6,10000
D-Day,2h 33m,2013,7.2,10000
Mere Brother Ki Dulhan,2h 19m,2011,5.9,10000
Shuddh Desi Romance,2h 21m,2013,5.8,10000
Ganapath,2h 13m,2023,2.8,10000
Baaghi,2h 13m,2016,5.3,10000
Salaam Bombay!,1h 49m,1988,7.9,10000
Waqt: The Race Against Time,2h 33m,2005,6.7,10000
Khaali Peeli,1h 59m,2020,2.5,10000
Mrs. Chatterjee vs. Norway,2h 24m,2023,7.3,10000
Maharaj,2h 11m,2024,6.5,10000
Srikanth,2h 14m,2024,7.5,10000
Goodbye,2h 10m,2022,6.7,10000
Singham Returns,2h 22m,2014,5.7,10000
Phantom,2h 16m,2015,6,10000
Bol Bachchan,2h 35m,2012,5.6,9900
Koyla,2h 46m,1997,6.2,9900
Mumbai Saga,2h 15m,2021,5.8,9900
Main Tera Hero,2h 8m,2014,5.1,9900
Blackout,2h 2m,2024,6.6,9900
The Sky Is Pink,2h 23m,2019,7.6,9900
Mother India,2h 52m,1957,7.8,9900
Mrs Undercover,1h 47m,2023,5.6,9800
Golmaal 3,2h 35m,2010,5.6,9800
Hum Saath-Saath Hain,2h 57m,1999,6.3,9800
Qarib Qarib Single,2h 5m,2017,7.1,9800
Shakuntala Devi,2h 7m,2020,6.1,9800
State of Siege: Temple Attack,1h 50m,2021,7.7,9800
It's Entertainment,2h 20m,2014,4.5,9700
Ab Tak Chhappan,2h 9m,2004,7.8,9700
Parineeta,2h 10m,2005,7.2,9600
Patiala House,2h 20m,2011,5.6,9600
Kaagaz,1h 49m,2021,7.3,9600
Made in China,2h 34m,2009,4.3,9600
Agneepath,2h 54m,1990,7.6,9500
Yuva,2h 41m,2004,7.3,9400
India Lockdown,1h 57m,2022,7.2,9400
Himmatwala,2h 30m,2013,1.7,9300
Sui Dhaaga,2h 2m,2018,6.8,9300
Manmarziyaan,2h 36m,2018,6.9,9300
Jaan-E-Mann,2h 45m,2006,6.1,9200
Hulchul,2h 29m,2004,7,9200
Rehnaa Hai Terre Dil Mein,2h 40m,2001,7.5,9200
Ajnabee,2h 45m,2001,6.3,9200
Awara Paagal Deewana,2h 38m,2002,6.3,9200
Singh Is Bliing,2h 21m,2015,5,9200
Khoobsurat,2h 10m,2014,6.4,9200
Golmaal Returns,2h 15m,2008,5.2,9200
Babli Bouncer,1h 58m,2022,6.5,9100
Love Per Square Foot,2h 13m,2018,7.1,9100
De De Pyaar De,2h 15m,2019,6.5,9100
Sandeep Aur Pinky Faraar,2h 5m,2021,6.3,9100
Rocky Handsome,1h 59m,2016,6.8,9100
No Smoking,2h 8m,2007,7.3,9100
Mard Ko Dard Nahin Hota,2h 14m,2018,7.3,900
Kathal: A Jackfruit Mystery,1h 55m,2023,6.7,900
Shaitan,2h 1m,2011,7.2,900
Dishoom,2h 4m,2016,5.1,8900
Mughal-E-Azam,3h 17m,1960,8.1,8900
PM Narendra Modi,2h 16m,2019,3,8900
Veer,2h 49m,2010,4.6,8800
Humshakals,2h 39m,2014,1.7,8800
Manorama: Six Feet Under,2h 17m,2007,7.5,8800
Mohra,2h 57m,1994,7,8700
Sir,1h 39m,2018,7.7,8700
I Hate Luv Storys,2h 9m,2010,5.7,8700
Mukkabaaz,2h 34m,2017,8,8700
13B: Fear Has a New Address,2h 18m,2009,7.3,8700
Chillar Party,2h 15m,2011,7.5,8700
Phir Bhi Dil Hai Hindustani,2h 40m,2000,6.1,8700
Guide,3h 3m,1965,8.3,8700
Raabta,2h 27m,2017,4.7,8700
Bad Boy,2h 2m,2023,6.8,8600
Kill,1h 45m,2023,7.9,8600
Duplicate,2h 44m,1998,5.6,8600
MSG 2 the Messenger,2h 14m,2015,7.1,8600
Khiladi,2h 37m,1992,7.1,8500
Gandhi Godse Ek Yudh,1h 50m,2023,6.7,8500
Delhi-6,2h 21m,2009,6.2,8500
Raja Hindustani,2h 57m,1996,6.1,8500
Force,2h 17m,2011,6.5,8500
Saawariya,2h 22m,2007,5.2,8500
Pati Patni Aur Woh,2h 6m,2019,5.8,8400
Jahaan Chaar Yaar,2h 6m,2022,3.3,8400
Sachin,2h 18m,2017,8.5,8400
Ishaqzaade,2h,2012,6.5,8400
Raju Ban Gaya Gentleman,2h 32m,1992,6.7,8400
Jawaani Jaaneman,1h 59m,2020,6.5,8300
Befikre,2h 10m,2016,4.1,8300
"Amar, Akbar and Anthony",3h 4m,1977,7.4,8300
Street Dancer 3D,2h 26m,2020,3.7,8300
Shabaash Mithu,2h 36m,2022,5.6,8300
King of Kotha,2h 54m,2023,6.1,8300
Lupt,1h 50m,2018,4.6,8300
Salaam Namaste,2h 38m,2005,6.2,8200
Drive,2h 27m,2019,3.2,8200
The Accidental Prime Minister,1h 52m,2019,6,8200
Sukhee,2h 19m,2023,6,8200
Nil Battey Sannata,1h 40m,2015,8.2,8100
Earth,1h 50m,1998,7.6,8100
Bunty Aur Babli,2h 50m,2005,6.2,8100
Dhadkan,2h 41m,2000,6.5,8100
Awarapan,2h 6m,2007,7.4,8100
Agent Vinod,2h 37m,2012,5.2,8100
Buddha in a Traffic Jam,1h 54m,2016,7.2,8100
Thar,1h 48m,2022,6.1,800
Janhit Mein Jaari,2h 26m,2022,6.8,800
Socha Na Tha,2h 17m,2005,7.4,800
Yodha,2h 10m,2024,5.7,800
Half Girlfriend,2h 15m,2017,4.6,800
Malamaal Weekly,2h 17m,2006,7,800
Panga,2h 11m,2020,6.8,7900
Total Dhamaal,2h 10m,2019,4.2,7900
Bob Biswas,2h 11m,2021,6.7,7900
Ek Hasina Thi,2h,2004,7.5,7900
Satyameva Jayate,2h 20m,2018,5.7,7900
Shamitabh,2h 35m,2015,6.7,7900
Roy,2h 26m,2015,3.2,7900
Khiladi 786,2h 21m,2012,4.3,7900
Badmaash Company,2h 22m,2010,6.1,7900
Sarkar Raj,2h 5m,2008,6.7,7900
Tottaa Pataaka Item Maal,1h 47m,2019,6.3,7900
Dolly Kitty and Those Twinkling Stars,2h 6m,2019,5.2,7900
Aligarh,1h 54m,2015,7.8,7800
Saathiya,2h 18m,2002,6.8,7800
Murder 2,2h 7m,2011,6.3,7800
Hum Do Hamare Do,2h 8m,2021,6,7800
Baar Baar Dekho,2h 21m,2016,5.4,7800
Dhol,2h 25m,2007,6.5,7800
Hum Tumhare Hain Sanam,2h 54m,2002,5.4,7700
Qala,1h 59m,2022,7.2,7700
Mission Kashmir,2h 34m,2000,6.6,7700
Stanley Ka Dabba,1h 36m,2011,7.8,7700
Once Upon a Time in Mumbai Dobaara!,2h 40m,2013,4.4,7700
Padosan,2h 37m,1968,8.1,7600
Shootout at Wadala,2h 35m,2013,6,7600
Kambakkht Ishq,2h 22m,2009,3.8,7600
102 Not Out,1h 42m,2018,7.4,7600
Saajan,3h 13m,1991,7.2,7500
Dedh Ishqiya,2h 32m,2014,7,7500
Naam Shabana,2h 27m,2017,6.2,7500
ABCD (Any Body Can Dance),2h 40m,2013,6.3,7500
Deewana,3h 5m,1992,6.7,7500
Uunchai,2h 53m,2022,7,7500
Sarfira,2h 35m,2024,8.4,7500
A Gentleman,2h 25m,2017,6.2,7500
Anjaana Anjaani,2h 31m,2010,5.7,7500
MSG the Warrior: Lion Heart,2h,2016,7.2,7500
Pyaasa,2h 26m,1957,8.3,7400
Jannat: In Search of Heaven...,2h 20m,2008,6.9,7400
Tikli and Laxmi Bomb,2h 31m,2017,7,7300
Khufiya,2h 37m,2023,6.1,7300
Anjaam,2h 50m,1994,6.6,7300
Lipstick Under My Burkha,1h 57m,2016,6.8,7300
Ek Main Aur Ekk Tu,1h 50m,2012,5.8,7300
Pari,2h 16m,2018,6.6,7200
Any Body Can Dance 2,2h 34m,2015,5.4,7200
Ram Gopal Varma Ki Aag,2h 51m,2007,1.4,7100
Chamatkar,2h 51m,1992,6.5,7100
All the Best: Fun Begins,2h 24m,2009,6.2,7100
Page 3,2h 19m,2005,7.3,7100
Masti,2h 46m,2004,6.2,7100
Action Replayy,2h 9m,2010,4.3,700
Ishq Vishk Rebound,1h 46m,2024,6.9,700
Judwaa,2h 18m,1997,6.1,700
Jalsa,2h 6m,2022,6.6,700
Mental Hai Kya,2h 1m,2019,5.9,700
Atithi Tum Kab Jaoge?,2h 35m,2010,6.5,6900
Hamari Adhuri Kahani,2h 9m,2015,6.7,6900
The Great Indian Family,1h 52m,2023,5.7,6900
R... Rajkumar,2h 26m,2013,5.3,6900
Welcome Back,2h 32m,2015,4.3,6800
Hunterrr,2h 21m,2015,7,6800
Bluffmaster!,2h 17m,2005,6.6,6700
Grand Masti,2h 17m,2013,4.5,6700
Kanjoos Makhichoos,1h 56m,2023,6.6,6700
Gangster,2h 3m,2006,7.2,6700
Mr. & Mrs. Khiladi,2h 13m,1997,6.3,6700
Indoo Ki Jawani,1h 59m,2020,3.3,6700
Yaara,2h 10m,2020,5.9,6600
Hungama 2,2h 36m,2021,3.2,6600
Mumbai Meri Jaan,2h 14m,2008,7.7,6600
7 Khoon Maaf,2h 17m,2011,6.3,6600
Dasvidaniya,1h 53m,2008,7.8,6600
Siya,1h 57m,2022,7.5,6600
Main Khiladi Tu Anari,2h 55m,1994,6.5,6600
Desh Drohi,2h 20m,2008,1.2,6500
Trial Period,1h 45m,2023,6.9,6500
Fukrey Returns,2h 21m,2017,6.5,6500
Bombay Velvet,2h 29m,2015,5.5,6500
Bhoothnath Returns,2h 35m,2014,6.5,6400
Ajeeb Daastaans,2h 22m,2021,6.7,6400
Shaandaar,2h 24m,2015,3.6,6400
Farrey,2h 10m,2023,6.2,6400
Jogi,1h 56m,2022,7.1,6400
Kis Kisko Pyaar Karoon,2h 13m,2015,5.6,6400
Thank You,2h 5m,2011,4.8,6400
Matru Ki Bijlee Ka Mandola,2h 31m,2013,5.6,6400
Ki & Ka,2h 6m,2016,5.7,6400
Mujhse Dosti Karoge!,2h 29m,2002,5.1,6400
Biwi No. 1,2h 39m,1999,5.7,6400
Khiladiyon Ka Khiladi,2h 42m,1996,6,6300
Vadh,1h 50m,2022,7.2,6300
Chhorii,2h 9m,2021,6.7,6300
Romeo Akbar Walter,2h 21m,2019,6.7,6300
Dor,2h 27m,2006,7.9,6300
Hum Hai Rahi Pyar Ke,2h 43m,1993,7.3,6300
The Conversion,2h 14m,2022,8.2,6300
Ramprasad Ki Tehrvi,1h 55m,2019,7.5,6200
"LSD: Love, Sex Aur Dhokha",2h 35m,2010,7.1,6200
Lost,2h 4m,2022,5.7,6200
Batti Gul Meter Chalu,2h 41m,2018,5.9,6200
Crakk - Jeethegaa Toh Jiyegaa!,2h 34m,2024,4.7,6200
Daawat-e-Ishq,1h 58m,2014,6.1,6200
Parched,1h 56m,2015,7.5,6200
Blind,2h 4m,2023,4,6200
Bazaar,2h 17m,2018,6.5,6100
Panipat,2h 51m,2019,5.2,6100
Kismat Konnection,2h 33m,2008,5.3,6100
Gumraah,2h 10m,2023,6.5,6100
Bhakshak,2h 14m,2024,7.2,6100
Kahaani 2,2h 7m,2016,6.6,6100
Meri Pyaari Bindu,1h 57m,2017,6,6100
Jannat 2,2h 30m,2012,6.3,6100
Saand Ki Aankh,2h 26m,2019,7.5,6100
Force 2,2h 7m,2016,6.2,6100
Besharam,2h 23m,2013,3.5,6100
Akelli,2h 7m,2023,6.1,6100
Do Aur Do Pyaar,2h 20m,2024,6.4,600
Taish,2h 23m,2020,7.3,600
Pyaar Kiya To Darna Kya,2h 42m,1998,6.6,600
Kaal,2h 6m,2005,4.7,600
Commando,2h 4m,2013,6.3,600
Class of '83,1h 38m,2020,5.8,600
8 x 10 Tasveer,2h 2m,2009,5.4,600
Taal,2h 59m,1999,6.6,600
Do Dooni Chaar,1h 52m,2010,7.5,600
Bhoot: Part One - The Haunted Ship,1h 54m,2020,5.4,600
Azhar,2h 10m,2016,5.7,600
Ghost Stories,2h 24m,2020,4.4,600
Joker,1h 44m,2012,2.4,600
Aarakshan,2h 44m,2011,6.2,600
Photograph,1h 50m,2019,6.8,5900
Ferrari Ki Sawaari,2h 20m,2012,6.4,5900
Mind,2h 40m,1999,6.2,5900
Phas Gaye Re Obama,1h 48m,2010,7.5,5900
Main Atal Hoon,2h 19m,2024,7,5900
Good Luck Jerry,2h 28m,2022,5.5,5900
Tashan,2h,2008,3.8,5900
Angoor,2h 11m,1982,8.3,5900
Maine Pyaar Kyun Kiya,2h 25m,2005,5.6,5900
Sangharsh,2h 7m,1999,6.7,5800
Salaam-e-Ishq,3h 36m,2007,5.2,5800
Kadak Singh,2h 8m,2023,6.3,5800
Bombay Talkies,2h 7m,2013,6.6,5800
Choked,1h 54m,2020,5.7,5800
Deewane Huye Paagal,2h 38m,2005,5.5,5800
Blurr,2h 7m,2022,5.8,5800
Coolie No. 1,2h 23m,1995,6.6,5800
One 2 Ka 4,2h 49m,2001,5.5,5700
Sajini Shinde Ka Viral Video,1h 56m,2023,6.3,5700
Zwigato,1h 45m,2022,6.8,5700
Dil,2h 52m,1990,6.6,5700
Happy Bhaag Jayegi,2h 6m,2016,6.4,5700
Bhaiyya Ji,2h 30m,2024,6.6,5700
Gupt: The Hidden Truth,2h 53m,1997,7.3,5700
Durgamati: The Myth,2h 35m,2020,4,5700
Ta Ra Rum Pum,2h 33m,2007,5.7,5700
I Love You,1h 33m,2023,5.4,5700
Mausam,2h 41m,2011,4.8,5700
Silence: Can You Hear It,2h 16m,2021,6.5,5700
Ujda Chaman,2h,2019,6.9,5700
Nail Polish,2h 8m,2021,7.2,5700
Soorma,2h 11m,2018,7.3,5600
Cheeni Kum,2h 20m,2007,6.8,5600
Rahasya,2h 3m,2015,7.6,5600
Tumhari Sulu,2h 30m,2017,7,5600
The Attacks of 26/11,1h 56m,2013,6.9,5500
Sarbjit,2h 11m,2016,7.3,5500
Kurbaan,2h 41m,2009,5.7,5500
Akele Hum Akele Tum,2h 40m,1995,6.9,5500
Ek Chalis Ki Last Local,2h 23m,2007,7.3,5500
A Flying Jatt,2h 31m,2016,3.1,5500
City Lights,2h 6m,2014,7.3,5500
Ginny Weds Sunny,2h 5m,2020,5.7,5500
Taarzan: The Wonder Car,2h 43m,2004,4.7,5500
Kakuda,1h 56m,2024,5.5,5500
Phata Poster Nikla Hero,2h 26m,2013,4.9,5500
Kaante,2h 34m,2002,6.6,5500
Ghayal Once Again,2h 7m,2016,6.2,5400
Satyagraha,2h 32m,2013,5.9,5400
Laal Kaptaan,2h 35m,2019,7.2,5400
Gulmohar,2h 11m,2023,7.6,5400
Mera Naam Joker,3h 44m,1970,7.9,5400
Kochadaiiyaan,1h 58m,2014,6.2,5400
Bandit Queen,1h 59m,1994,7.5,5400
Shakthi: The Power,2h 50m,2002,6.1,5400
Chashme Baddoor,2h 1m,2013,5.4,5400
Chori Chori Chupke Chupke,2h 45m,2001,5.5,5300
14 Phere,1h 51m,2021,6.3,5300
Hazaaron Khwaishein Aisi,2h,2003,7.9,5300
36 China Town,2h 20m,2006,5.8,5300
Ghanchakkar,2h 17m,2013,5.9,5300
Blue,1h 59m,2009,3.8,5300
Baadshaho,2h 4m,2017,4.9,5300
Aiyaary,2h 37m,2018,5.3,5300
Chopsticks,1h 40m,2019,6.5,5300
Apaharan,2h 53m,2005,7.4,5200
Shaurya,2h 29m,2008,7.3,5200
Maarrich,2h 6m,2022,6.3,5200
Titli,1h 56m,2014,7.5,5200
Kaun?,1h 30m,1999,7.8,5200
Main Prem Ki Diwani Hoon,3h 17m,2003,3.8,5200
Animal World,2h 12m,2018,6.5,5100
Looop Lapeta,2h 11m,2022,5.2,5100
Raincoat,1h 57m,2004,7.7,5100
Rangoon,2h 50m,2017,5.6,5100
Ghayal,2h 43m,1990,7.7,5100
Players,2h 43m,2012,4.3,5100
Laila Majnu,2h 20m,2018,7.7,500
Laal Rang,2h 27m,2016,7.8,500
Garv: Pride and Honour,2h 42m,2004,5.6,500
God Tussi Great Ho,2h 32m,2008,3.7,500
London Dreams,2h 26m,2009,5.4,500
Mela,2h 52m,2000,3.7,500
Kuch Khattaa Ho Jaay,2h 5m,2024,5.9,4900
Mere Dad Ki Maruti,1h 41m,2013,6.4,4900
I Am Kalam,1h 28m,2010,7.9,4900
Ghoomketu,1h 48m,2020,4.9,4900
All That Breathes,1h 37m,2022,7,4900
Made in China,2h 8m,2019,6.2,4900
Har Dil Jo Pyar Karega...,2h 53m,2000,5.1,4900
OK Jaanu,2h 15m,2017,5.3,4900
Sardar Ka Grandson,2h 19m,2021,4.3,4900
Haddi,2h 14m,2023,5.6,4900
Tadap,2h 6m,2021,5.1,4800
Ek Ladki Ko Dekha Toh Aisa Laga,2h,2019,5.6,4800
Raavan,2h 10m,2010,5.4,4800
Guilty,1h 59m,2020,5.4,4800
Velle,2h 5m,2021,5.9,4800
Rakhta Charitra,2h 5m,2010,7.6,4800
Yeh Dillagi,2h 35m,1994,5.9,4800
Chintu Ka Birthday,1h 20m,2020,7.7,4800
Pareeksha,2h,2020,8,4800
Yeh Saali Zindagi,2h 10m,2011,7.4,4800
Yuvvraaj,2h 31m,2008,4.1,4700
Hello Brother,2h 19m,1999,4.7,4700
Manto,1h 52m,2018,7.3,4700
Dil Bole Hadippa!,2h 28m,2009,4.7,4700
Sabse Bada Khiladi,2h 42m,1995,5.9,4700
Khamoshi the Musical,2h 40m,1996,7.5,4700
Kyon Ki...,2h 40m,2005,5.5,4700
Dil Hai Ke Manta Nahin,2h 34m,1991,7.2,4700
Ishq Vishk,2h 14m,2003,6.1,4700
Double Dhamaal,2h 18m,2011,4,4700
Tere Naal Love Ho Gaya,2h 10m,2012,5.9,4700
Marjaavaan,2h 32m,2019,3.7,4600
Heroine,2h 29m,2012,5,4600
Yamla Pagla Deewana,2h 43m,2011,5.7,4600
Break Ke Baad,2h 25m,2010,5.2,4600
Ek Thi Daayan,2h 15m,2013,5.7,4600
Ramaiya Vastavaiya,2h 28m,2013,5.8,4600
Yeh Saali Aashiqui,2h 17m,2019,7.8,4600
Bewakoofiyaan,1h 59m,2014,5.5,4600
Raja Natwarlal,2h 21m,2014,6.2,4600
Commando 3,2h 13m,2019,5.9,4600
Chhoti Si Baat,2h 3m,1976,8.3,4500
Pataakha,2h 14m,2018,7.2,4500
Kyaa Kool Hain Hum 3,2h 4m,2016,1.9,4500
Kaamyaab,1h 49m,2018,7.8,4500
Simran,2h 4m,2017,5.2,4500
Awara,2h 48m,1951,7.8,4500
Cash,1h 58m,2021,6.5,4500
Fiza,2h 50m,2000,6,4500
Neeyat,2h 14m,2023,5.3,4500
Kill Dil,2h 7m,2014,4.4,4500
Double XL,2h 8m,2022,4.6,4500
Dhanak,1h 46m,2015,7.8,4500
Aurangzeb,2h 17m,2013,6.4,4500
Nautanki Saala,1h 59m,2013,5.8,4500
Haraamkhor,1h 30m,2015,6.3,4500
Bawarchi,2h 10m,1972,8.1,4500
Akira,2h 17m,2016,5.9,4400
Aisha,2h 6m,2010,5.1,4400
Masoom,2h 45m,1983,8.3,4400
Ram Jaane: God Knows,2h 2m,1995,5.4,4400
Murder,2h 10m,2004,5.5,4400
Hello Charlie,1h 42m,2021,5.4,4400
Humko Deewana Kar Gaye,2h 35m,2006,5.2,4400
Doordarshan,1h 59m,2020,6.1,4400
Saheb Biwi Aur Gangster,1h 58m,2011,7.1,4400
Bunty Aur Babli 2,2h 18m,2021,4.1,4400
Mubarakan,2h 36m,2017,5.6,4400
Little Baby,1h 45m,2019,3.7,4400
Action Jackson,2h 24m,2014,3.4,4400
Saina,2h 15m,2021,4.5,4300
Welcome Home,2h 6m,2020,7.4,4300
B.A. Pass,1h 35m,2012,6.4,4300
Teri Meri Kahaani,1h 57m,2012,4.9,4300
Ghatak: Lethal,2h 38m,1996,7.5,4300
Dil Toh Baccha Hai Ji,2h 23m,2011,5.9,4300
Atkan Chatkan,2h 6m,2020,7.7,4200
Shaadi Ke Side Effects,2h 25m,2014,5.6,4200
Ungli,1h 54m,2014,5.8,4200
Zanjeer,2h 25m,1973,7.5,4200
Dum Maaro Dum,2h 8m,2011,6.2,4200
Kyaa Super Kool Hain Hum,2h 16m,2012,5,4200
Mujhse Fraaandship Karoge,1h 46m,2011,6.9,4200
Raaz,2h 31m,2002,6.6,4200
Modi Ji Ki Beti,1h 44m,2022,6.6,4200
Aakrosh,2h 26m,2010,7,4100
Bullett Raja,2h 18m,2013,4.9,4100
Shor in the City,1h 52m,2010,7.2,4100
1920,2h 23m,2008,6.4,4100
Saheb Biwi Aur Gangster Returns,2h 22m,2013,6.7,4100
Margarita with a Straw,1h 40m,2014,7.2,4100
Phillauri,2h 18m,2017,6.1,4100
Three of Us,1h 39m,2022,7.5,4100
That Girl in Yellow Boots,1h 43m,2010,6.6,4100
Raaz 3,2h 19m,2012,4.2,4100
The Chess Players,2h 9m,1977,7.5,4100
1920: Horrors of the Heart,2h 2m,2023,2.6,4100
Luv Shuv Tey Chicken Khurana,2h 20m,2012,6.6,4100
London Confidential,1h 17m,2020,5.9,4100
Hind Ka Napak Ko Jawab,2h 10m,2017,6.9,4100
Bhoot,1h 53m,2003,6.4,4100
Damini,2h 55m,1993,7.8,4100
Raaz: The Mystery Continues,2h 31m,2009,5.7,400
Hate Story,2h 20m,2012,5.3,400
Bahut Hua Sammaan,2h 5m,2020,7.2,400
The Body,1h 41m,2019,5.4,400
Sooryavansham,2h 48m,1999,6.3,400
Jaani Dushman: Ek Anokhi Kahani,2h 50m,2002,2.7,400
Brij Mohan Amar Rahe,1h 45m,2017,6.5,3900
Shool,2h 18m,1999,7.7,3900
Shiva,2h 41m,1989,8,3900
Munna Michael,2h 20m,2017,3.4,3900
Darna Mana Hai,2h 1m,2003,6.3,3900
Happy Ending,2h 15m,2014,5.4,3900
Lucky: No Time for Love,3h,2005,4.6,3900
Aseq,1h 46m,2022,5.5,3900
Humraaz,2h 53m,2002,6.4,3900
Commando 2,2h 24m,2017,5.4,3900
Dulhan Hum Le Jayenge,2h 38m,2000,5.1,3900
Kyaa Kool Hai Hum,2h 52m,2005,6.1,3900
Virgin Bhanupriya,1h 51m,2020,2.5,3800
London Paris New York,1h 40m,2012,5.6,3800
Ardh,1h 24m,2022,7.5,3800
Tum Bin,2h 38m,2001,7.5,3800
Yaadein...,2h 51m,2001,4.2,3800
Parinda,2h 34m,1989,7.8,3800
Khal Nayak,3h 10m,1993,7.1,3800
Yaariyan,2h 25m,2014,2.8,3800
Suraj Pe Mangal Bhari,2h 21m,2020,5.9,3800
Zinda,1h 56m,2006,4.9,3800
Dial 100,1h 44m,2021,5.9,3800
Thackeray,2h,2019,5.4,3800
Omerta,1h 38m,2017,7.1,3800
1942: A Love Story,2h 37m,1994,7.2,3700
Kabul Express,1h 45m,2006,6.8,3700
Afwaah,2h 6m,2023,5.7,3700
Jazbaa,1h 59m,2015,5.7,3700
Haseena Maan Jaayegi,2h 27m,1999,6.3,3700
Filmistaan,1h 57m,2012,7.3,3700
Satte Pe Satta,2h 40m,1982,7.2,3700
Jism 2,2h 10m,2012,3.1,3700
Pyaar to Hona Hi Tha,2h 36m,1998,6.6,3600
Chal Mere Bhai,2h 16m,2000,4.7,3600
Baabul,2h 49m,2006,5.4,3600
Genius,2h 45m,2018,5,3600
Comedy Couple,1h 57m,2020,7.3,3600
Ten,2h 32m,2005,5.5,3600
Aaja Nachle,2h 17m,2007,6.2,3600
Zakhm,2h 5m,1998,7.9,3600
Apne,2h 53m,2007,6.1,3600
Chalo Dilli,2h 35m,2011,6.8,3600
Shubh Nikah,2h 5m,2023,7.2,3600
Sanam Re,2h,2016,3.3,3500
The Stoneman Murders,1h 35m,2009,7.3,3500
Hate Story 3,2h 6m,2015,4.6,3500
U Turn,2h 20m,2023,6.2,3500
Eklavya,1h 45m,2007,6,3500
Sadma,2h 21m,1983,8.3,3500
Bade Miyan Chote Miyan,2h 20m,1998,5.9,3500
Helmet,1h 44m,2021,6.5,3500
Pyaar Impossible,2h 20m,2010,4.9,3500
We Are Family,1h 55m,2010,5.6,3400
Hindutva,2h 24m,2022,4.8,3400
Time Traveller,1h 49m,2015,4.6,3400
Chakravyuh,2h 32m,2012,6.8,3400
Hero No. 1,2h 14m,1997,6.3,3400
LOC: Kargil,4h 15m,2003,5.4,3400
Tevar,2h 37m,2015,4.2,3400
Ph√∂rpa,1h 33m,1999,6.9,3400
Jattu Engineer,2h 19m,2017,6.2,3400
Aladin,2h 12m,2009,4.7,3400
Mast Mein Rehne Ka,2h 7m,2023,7.1,3400
Forensic,2h 14m,2022,6.3,3400
Tumko Na Bhool Paayenge,2h 40m,2002,5.6,3400
Main Aurr Mrs Khanna,1h 49m,2009,3.4,3400
Hum,3h 4m,1991,6.9,3400
Ekk Deewana Tha,2h 16m,2012,6.1,3400
Welcome to Sajjanpur,2h 13m,2008,6.9,3400
Plan A Plan B,1h 45m,2022,4.6,3400
Aan: Men at Work,2h 29m,2004,5.8,3300
Kaalakaandi,1h 52m,2018,6.2,3300
Dulhe Raja,2h 23m,1998,6.8,3300
404: Error Not Found,2h 1m,2011,7.3,3300
Katti Batti,2h 15m,2015,4.7,3300
Motichoor Chaknachoor,2h 30m,2019,5.8,3300
Chaahat,2h 31m,1996,5.5,3300
Dolly Ki Doli,1h 38m,2015,4.6,3300
Phobia,1h 52m,2016,6.8,3300
Pyaar Ke Side Effects,2h 12m,2006,6.8,3300
Jogira Sara Ra Ra,2h 1m,2023,6.8,3200
F.A.L.T.U,2h,2011,4.8,3200
Raja Babu,2h 41m,1994,6.3,3200
Notebook,1h 55m,2019,7,3200
Tribhanga,1h 35m,2021,6.2,3200
The Shaukeens,2h 4m,2014,4.8,3200
Lamhe,3h 7m,1991,7.2,3200
Dilwale,2h 52m,1994,5.6,3200
Bichhoo,2h 40m,2000,5,3200
Bank Chor,2h,2017,6,3200
Kalyug,2h 6m,2005,6.5,3200
Silsila,3h 2m,1981,7.2,3200
Chance Pe Dance,2h 2m,2010,4.8,3200
99,2h 15m,2009,7.3,3200
Sharaabi,3h,1984,7.3,3200
Haasil,2h 40m,2003,7.6,3100
Rascals,2h 8m,2011,3,3100
King Uncle,2h 51m,1993,5.3,3100
Rakhta Charitra 2,2h 15m,2010,6.5,3100
Deewangee,2h 49m,2002,6.5,3100
Great Grand Masti,2h 14m,2016,3.7,3100
Jalebi,1h 52m,2018,6.1,3100
Ek Kori Prem Katha,2h 9m,2024,7.2,3100
Cargo,1h 59m,2019,5.7,3100
Shaan,3h 1m,1980,7,3100
When One Falls in Love,2h 34m,1998,5.9,3100
One Two Three,2h 15m,2008,5.5,3100
Luck,2h 21m,2009,4.9,3100
Total Chaos,1h 48m,2014,5,3100
Muqaddar Ka Sikandar,3h 9m,1978,7.4,3100
Vaah! Life Ho Toh Aisi!,2h 33m,2005,4.7,3100
Na Tum Jaano Na Hum,2h 38m,2002,4.9,3100
Bbuddah... Hoga Terra Baap,1h 54m,2011,5.6,3100
B.A. Pass 3,2h 16m,2021,5,3100
Sunday,2h 15m,2008,5.5,3100
Khichdi: The Movie,2h,2010,7.3,300
Jaanwar,2h 52m,1999,5.9,300
Lucknow Central,2h 13m,2017,6.2,300
Mastizaade,1h 59m,2016,2.4,300
Abhimaan,2h 2m,1973,7.8,300
Shree 420,2h 48m,1955,7.9,300
Freaky Ali,2h,2016,5,300
Baa Baaa Black Sheep,1h 43m,2018,5.4,300
Being Cyrus,1h 30m,2005,7.1,300
Soni,1h 37m,2018,7.1,300
Pinjar,3h 8m,2003,7.9,300
Code Name: Tiranga,2h 17m,2022,3.3,300
Trimurti: Bond of Three,3h 7m,1995,4.8,300
Namaste England,2h 21m,2018,2.1,300
Why Cheat India,2h 1m,2019,6.1,300
Begum Jaan,2h 8m,2017,5.6,300
Marudhar Express,1h 46m,2019,4.9,300
Pihu,1h 31m,2016,6.7,300
Thoda Pyaar Thoda Magic,2h 25m,2008,5,300
No Problem,2h 19m,2010,4.5,300
Dybbuk: The Curse Is Real,1h 52m,2021,5,300
Deewana Mastana,2h 20m,1997,6.6,300
Angry Indian Goddesses,1h 55m,2015,6.9,300
Honeymoon Travels Pvt. Ltd.,1h 58m,2007,6.1,300
Fida,2h 2m,2004,5.5,300
Ram Lakhan,2h 54m,1989,6.7,300
Dil Dosti Etc,1h 52m,2007,6.9,300
Virasat,2h 45m,1997,7.4,300
Zanjeer,2h 17m,2013,3.4,2900
Sherdil,2h,2022,6.6,2900
Bastar: The Naxal Story,2h 4m,2024,6.4,2900
Fauji Calling,2h 14m,2021,5.4,2900
Lajja,3h 22m,2001,6.6,2900
Murder 3,2h 4m,2013,5,2900
Mickey Virus,2h 15m,2013,6.1,2900
Sadak,2h 14m,1991,6.4,2900
Dhan Dhana Dhan Goal,2h 47m,2007,5.1,2900
What's Your Raashee?,3h 15m,2009,4.8,2900
Pagalpanti,2h 29m,2019,3.3,2900
Yeh Hai Jalwa,2h 45m,2002,4.8,2900
Sardaar Gabbar Singh,2h 44m,2016,4.6,2900
Hero,2h 25m,2015,3.6,2900
Namak Halaal,2h 51m,1982,7.2,2800
Judaai,2h 47m,1997,6.1,2800
Ragini MMS,1h 33m,2011,5.1,2800
Loev,1h 32m,2015,5.9,2800
Kaagaz Ke Phool,2h 28m,1959,7.8,2800
Gone Kesh,1h 50m,2019,6.8,2800
Dulha Mil Gaya,2h 32m,2010,4.3,2800
The Warrior,1h 26m,2001,6.7,2800
Mere Desh Ki Dharti,1h 51m,2022,6.9,2800
Chandni Bar,2h 30m,2001,7.6,2800
Kaala Patthar,2h 56m,1979,7.6,2800
Running Shaadi,1h 54m,2017,6.4,2800
Chatrapathi,2h 4m,2023,3.8,2800
Aap Mujhe Achche Lagne Lage,3h,2002,3.1,2800
Traffic,1h 44m,2016,6.7,2800
Andaaz,2h 25m,2003,5.2,2800
1971,2h 16m,2007,8.2,2800
Dosti: Friends Forever,2h 16m,2005,5.3,2800
The Zoya Factor,2h 14m,2019,4.4,2800
Maja Ma,2h 14m,2022,6.2,2700
Tara vs Bilal,2h 6m,2022,5.9,2700
One Day: Justice Delivered,2h 4m,2019,5.1,2700
Drona,2h 18m,2008,2,2700
Jodi No. 1,3h,2001,5.8,2700
Laaga Chunari Mein Daag,2h 2m,2007,5.4,2700
Tiku Weds Sheru,1h 52m,2023,3.3,2700
Toolsidas Junior,2h 12m,2022,7.4,2700
Rann,2h 17m,2010,6.9,2700
10.0 Earthquake,1h 28m,2014,3.5,2700
Inkaar,2h 5m,2013,6.1,2700
Haunted - 3D,2h 23m,2011,6.3,2700
Indian,2h 58m,2001,5.4,2700
Unpaused,1h 53m,2020,7,2700
Bewafaa,2h 31m,2005,4.2,2700
U Me Aur Hum,2h 36m,2008,5.8,2700
English Babu Desi Mem,2h 50m,1996,4.6,2700
Mitron,1h 59m,2018,6.9,2700
Chashme Buddoor,2h 25m,1981,7.9,2700
Pukar,2h 56m,2000,6.7,2700
Love Story 2050,3h,2008,2.6,2700
Jeet,3h,1996,5.8,2700
Chef,2h 13m,2017,5.7,2600
The Y,1h 50m,2023,5.4,2600
Coolie,2h 57m,1983,6.6,2600
The Hero: Love Story of a Spy,2h 40m,2003,5.5,2600
Jai Gangaajal,2h 29m,2016,5.8,2600
3 Deewarein,1h 55m,2003,7.8,2600
Tezz,2h 1m,2012,4.1,2600
Kyo Kii... Main Jhuth Nahin Bolta,2h 11m,2001,5.4,2600
"LSD 2: Love, Sex Aur Dhokha 2",1h 59m,2024,4.1,2600
Baazi,3h 3m,1995,6.4,2600
"Main, Meri Patni... Aur Woh!",2h 9m,2005,7.3,2600
Beyond the Clouds,2h,2017,6.9,2600
Sulemani Keeda,1h 29m,2014,7,2600
Mere Baap Pehle Aap,2h 43m,2008,5.5,2600
Firaaq,1h 41m,2008,7.3,2600
Kidnap,2h 15m,2008,4.6,2600
Guddu,2h 40m,1995,4.1,2600
Kaagaz 2,2h 5m,2024,6,2600
Qayamat: City Under Threat,2h 36m,2003,4.8,2600
Kahin Pyaar Na Ho Jaaye,2h 39m,2000,4.4,2600
Kaun Kitney Paani Mein,1h 52m,2015,6.1,2500
Cobalt Blue,1h 52m,2022,6.5,2500
Game,2h 15m,2011,5.2,2500
Singh Saab the Great,2h 14m,2013,5.6,2500
While We Watched,1h 34m,2022,8.6,2500
Tezaab,2h 53m,1988,6.9,2500
Chameli,1h 48m,2003,6.8,2500
Son Rise,1h 48m,2019,7.6,2500
LoveYatri,2h 20m,2018,3.3,2500
Mere Yaar Ki Shaadi Hai,2h 38m,2002,5.5,2500
Pippa,2h 19m,2023,6.2,2500
Gurgaon,1h 47m,2017,6.4,2500
Laawaris,3h 9m,1981,7,2500
Babumoshai Bandookbaaz,2h 2m,2017,6.9,2500
Trishul,2h 47m,1978,7.6,2500
Paanch,2h 10m,2003,7.6,2500
Joram,1h 59m,2023,6.6,2500
Kabhi Kabhie,2h 57m,1976,7.1,2500
Missing,2h,2018,5.8,2500
Shahenshah,2h 55m,1988,6.3,2500
Darna Zaroori Hai,1h 48m,2006,5.5,2500
Maachis,2h 40m,1996,7.7,2500
Karz,2h 39m,1980,7.4,2500
Guest iin London,2h 12m,2017,5.4,2500
Hate Story 2,2h 10m,2014,4.4,2500
Love Sonia,2h 2m,2018,7.4,2400
Dharam Sankat Mein,2h 9m,2015,6.3,2400
Karma,3h 13m,1986,7.2,2400
Paharganj,1h 48m,2019,3.8,2400
Beta,2h 51m,1992,6.2,2400
Hotel Salvation,1h 42m,2016,7,2400
Halla Bol,2h 24m,2008,6,2400
International Khiladi,2h 55m,1999,4.8,2400
Kuch Naa Kaho,2h 49m,2003,5.4,2400
Krantiveer,2h 27m,1994,7.4,2400
To Kill a Tiger,2h 8m,2022,7.6,2400
Phir Milenge,2h 22m,2004,6.1,2400
UT69,1h 57m,2023,4.9,2400
Axone,1h 44m,2019,6.9,2400
Maya Memsaab,2h 10m,1993,5.4,2400
Shakti,2h 46m,1982,7.6,2400
Knock Out,1h 57m,2010,6.1,2400
Behen Hogi Teri,2h 8m,2017,5.6,2400
India's Most Wanted,2h 3m,2019,4.7,2400
Mr. X,2h 13m,2015,3.7,2400
MP3: Mera Pehla Pehla Pyaar,1h 58m,2007,7,2400
Prince,2h 18m,2010,4.5,2400
Minus 31: The Nagpur Files,2h 14m,2023,5.3,2400
99 Songs,2h 8m,2019,6.5,2400
Heroes,2h 19m,2008,5.7,2400
Jism,2h 16m,2003,5.3,2400
Major Saab,2h 45m,1998,5.3,2300
Aankhen,2h 50m,1993,6.8,2300
Bumboo,2h 6m,2012,4.3,2300
Sehar,2h 5m,2005,7.7,2300
Crook: It's Good to Be Bad,2h 1m,2010,5.1,2300
Chocolate: Deep Dark Secrets,2h 40m,2005,4.8,2300
Tango Charlie,2h 22m,2005,6.1,2300
Apurva,1h 35m,2023,6.1,2300
Zeher,2h 12m,2005,5.6,2300
Lafangey Parindey,2h 6m,2010,5.3,2300
Shagird,2h 23m,2011,7,2300
Tridev,2h 53m,1989,6.5,2300
Hello,2h 9m,2008,3.3,2300
Rock on 2,2h 23m,2016,4.9,2300
Makdee,1h 30m,2002,7.5,2300
Fool N Final,2h 24m,2007,3.6,2300
Jalpari: The Desert Mermaid,1h 34m,2012,7.3,2300
An Insignificant Man,1h 36m,2016,8.5,2300
Matrubhoomi: A Nation Without Women,1h 39m,2003,7.7,2300
Do Bigha Zamin,2h 11m,1953,8.3,2300
Indu Sarkar,2h 19m,2017,6,2300
Sarkar 3,2h 10m,2017,4.9,2300
Shastry Viruddh Shastry,2h 20m,2023,7,2300
1920: Evil Returns,2h 4m,2012,4.9,2300
Junglee,1h 55m,2019,5.5,2300
Apna Sapna Money Money,2h 14m,2006,5.4,2300
Akaash Vani,2h 29m,2013,6.4,2300
Style,2h 37m,2001,6.7,2300
Kya Kehna,2h 35m,2000,5.8,2300
Ankur Arora Murder Case,2h 9m,2013,6.5,2200
Bamfaad,1h 42m,2020,5.8,2200
Krazzy 4,1h 50m,2008,4.2,2200
Gulaab Gang,2h 19m,2014,6,2200
Bandhan,2h 34m,1998,4.8,2200
Raju Chacha,2h 43m,2000,5.1,2200
Amal,1h 41m,2007,7.5,2200
Prahaar: The Final Attack,2h 31m,1991,8,2200
Dushman,2h 25m,1998,6.8,2200
Viruddh... Family Comes First,2h 12m,2005,7,2200
Khuda Gawah,3h 13m,1992,6.5,2200
Bhavai,1h 54m,2021,5.7,2200
The Blue Umbrella,1h 30m,2005,7.3,2200
Tirangaa,2h 48m,1992,6.8,2200
Secrets of Sinauli: Discovery of the Century,2h 48m,2021,9,2200
Zamaana Deewana,2h 42m,1995,4.8,2200
The Power,2h 33m,2021,5.4,2200
Mithya,1h 50m,2008,7,2200
Salaam Venky,2h 17m,2022,6.6,2200
Jhankaar Beats,2h 23m,2003,7.1,2200
Leera the Soulmate,1h 44m,2018,4.8,2200
Daddy,2h 14m,2017,6.4,2200
Procession of Memories,2h 44m,1973,7.3,2200
Dil Hai Tumhara,3h 30m,2002,5.5,2200
Chain Kulii Ki Main Kulii,1h 58m,2007,5.9,2200
Om Jai Jagadish,2h 52m,2002,5.5,2200
Non Stop Dhamaal,1h 40m,2023,5.1,2200
Raaz Reboot,2h 8m,2016,4.4,2200
Corporate,2h 22m,2006,6.6,2100
Hadh Kar Di Aapne,2h 14m,2000,5.3,2100
Dhak Dhak,2h 20m,2023,6.3,2100
Refugee,3h 27m,2000,5.2,2100
Chandni,3h 6m,1989,6.7,2100
Hawaizaada,2h 28m,2015,5.5,2100
Seeta Aur Geeta,2h 42m,1972,6.9,2100
Chhota Bheem and the Curse of Damyaan,2h 25m,2024,7.7,2100
Jewel Thief,3h 6m,1967,7.9,2100
Khiladi 420,2h 37m,2000,5.2,2100
Cash,2h 17m,2007,3.4,2100
Mard,2h 57m,1985,6.2,2100
Dil Maange More!!!,2h 3m,2004,5.2,2100
Arjun: The Warrior Prince,1h 36m,2012,6.8,2100
Horror Story,1h 31m,2013,4.2,2100
Ardh Satya,2h 10m,1983,8.1,2100
Samay: When Time Strikes,2h 16m,2003,7,2100
Hamara Dil Aapke Paas Hai,2h 45m,2000,5.5,2100
Dil Ne Jise Apna Kahaa,2h 15m,2004,4.4,2100
Aiyyaa,2h 32m,2012,4.4,2100
Aashiqui,2h 32m,1990,6.3,2100
Yamla Pagla Deewana 2,2h 34m,2013,3.4,2100
Family: Ties of Blood,2h 30m,2006,5.7,2100
Suhaag,2h 25m,1994,5.7,2100
Jhootha Hi Sahi,2h 22m,2010,6.2,200
Saaransh,2h 17m,1984,8.1,200
Rang Rasiya,2h 12m,2008,7,200
Devdas,2h 39m,1955,7.7,200
Tadka,1h 55m,2022,6.7,200
Aradhana,2h 49m,1969,7.6,200
Bobby,2h 48m,1973,6.9,200
Bhoomi,2h 16m,2017,5.3,200
"I, Me Aur Main",1h 48m,2013,4.7,200
Well Done Abba!,2h 24m,2009,7.2,200
Jaanam Samjha Karo,2h 33m,1999,4.8,200
Revolver Rani,2h 12m,2014,4.6,200
1920 London,2h,2016,4.2,200
Anaarkali of Aarah,1h 53m,2017,6,200
Musafir,2h 31m,2004,5.6,200
Milenge Milenge,1h 49m,2010,4,200
Youngistaan,2h 13m,2014,5.2,200
"Good Boy, Bad Boy",1h 55m,2007,3.9,200
The Face of the Faceless by Tri Light Creation,2h 16m,2023,8,200
Halahal,1h 37m,2020,7,200
Amar Prem,2h 23m,1972,8.1,200
Paathshaala,2h 2m,2010,5,200
Yaarana,2h 18m,1981,6.9,200
Rajma Chawal,1h 57m,2018,5.7,200
Delhi Safari,1h 36m,2012,5.5,200
Hanuman,1h 29m,2005,7.9,200
Mohalla Assi,2h 30m,2015,6.6,200
Friday Night Plan,1h 48m,2023,6.5,200
Oh Darling Yeh Hai India,2h 40m,1995,4,1900
Aa Ab Laut Chalen,2h 57m,1999,5.3,1900
Naseeb,3h 17m,1981,7.1,1900
Madam Chief Minister,2h 10m,2021,4.9,1900
Kya Dilli Kya Lahore,1h 38m,2014,7.3,1900
Army,2h 33m,1996,4.4,1900
Yeh Lamhe Judaai Ke,2h 15m,2004,3.1,1900
Kyun! Ho Gaya Na...,2h 45m,2004,4.3,1900
Valley of Flowers,2h 35m,2006,6.9,1900
Sangam,3h 58m,1964,7.3,1900
Dil Ka Rishta,2h 30m,2003,4.9,1900
Mirzya,2h 9m,2016,4.6,1900
Diljale,2h 39m,1996,5.8,1900
Do Ankhen Barah Haath,2h 23m,1957,8.4,1900
Khubsoorat,2h 6m,1980,7.6,1900
Faraaz,1h 52m,2022,5,1900
Ek Paheli Leela,2h 25m,2015,3.8,1900
Tu Hai Mera Sunday,1h 59m,2016,7.7,1900
Rok Sako To Rok Lo,1h 59m,2004,4.5,1900
Tum Mile,2h 20m,2009,5,1900
Dosti,2h 43m,1964,8.5,1900
Mushkil,2h 10m,2019,3.2,1900
Kadakh,1h 48m,2019,6.9,1900
Sahib Bibi Aur Ghulam,2h 32m,1962,8.1,1900
Alone,2h 13m,2015,3.7,1900
Ekkees Tareekh Shubh Muhurat,1h 37m,2018,5.4,1900
Hate Story IV,2h 11m,2018,3.4,1900
Tumse Na Ho Payega,2h 12m,2023,7.6,1900
Chaalbaaz,2h 35m,1989,6.8,1900
Ziddi,2h 50m,1997,5.9,1900
China Gate,2h 55m,1998,6.5,1800
Tigers,1h 34m,2014,7.2,1800
22 Yards,2h 6m,2019,5.1,1800
Baaghi: A Rebel for Love,2h 37m,1990,5.8,1800
Hawaa Hawaai,2h,2014,7.3,1800
Dil Aashna Hai (...The Heart Knows),2h 44m,1992,4.9,1800
Sixteen,2h 18m,2013,6.2,1800
Jabariya Jodi,2h 5m,2019,4,1800
Aks,3h 4m,2001,5.8,1800
Love Ke Liye Kuch Bhi Karega,2h 11m,2001,6,1800
Chalti Ka Naam Gaadi,2h 53m,1958,7.9,1800
Veergati,2h 46m,1995,5.9,1800
House Arrest,1h 44m,2019,5.5,1800
Collar Bomb,1h 26m,2021,5.1,1800
Aashiq Banaya Aapne: Love Takes Over,1h 55m,2005,4.4,1800
Albert Pinto Ko Gussa Kyun Aata Hai?,1h 40m,2019,5.1,1800
Ab Tumhare Hawale Watan Saathiyo,3h 13m,2004,4.4,1800
Namak Haraam,2h 26m,1973,7.2,1800
200: Halla Ho,1h 55m,2021,7.5,1800
Hum Aapke Dil Mein Rehte Hain,2h 48m,1999,5.5,1800
Ek Rishtaa: The Bond of Love,2h 54m,2001,5.2,1800
Chittagong,1h 45m,2012,7.3,1800
Main Aur Charles,1h 59m,2015,6.1,1800
Chameli Ki Shaadi,2h 16m,1986,7.5,1800
Nishabd,1h 50m,2007,5.4,1800
Ek Ajnabee,2h 22m,2005,5.3,1800
Khushi,2h 41m,2003,4.2,1800
Eeb Allay Ooo!,1h 38m,2019,7.2,1800
Nanu Ki Jaanu,2h 13m,2018,5.4,1800
Dum,2h 46m,2003,5.7,1800
Shimla Mirchi,2h 9m,2020,4.6,1800
The Xpose,1h 53m,2014,3.3,1800
The Burning Train,2h 22m,1980,7,1800
The Flip Side: A Truth That Could Not Reach You,2h 22m,2015,9,1800
Nazar Andaaz,1h 43m,2022,7.2,1800
Judaa Hoke Bhi,2h 1m,2022,5.4,1800
Traffic Signal,2h 10m,2007,6.6,1800
Hacked,1h 58m,2020,4.3,1800
United Six,1h 58m,2011,7.4,1800
Koshish,2h 5m,1972,8.4,1800
"Road, Movie",1h 35m,2009,6.8,1800
Nikamma,2h 32m,2022,2.7,1800
Do Lafzon Ki Kahani,2h 8m,2016,6.5,1800
Kachche Dhaage,2h 24m,1999,6,1800
Aur Pappu Pass Ho Gaya,2h 22m,2007,4.4,1700
"Gandhi, My Father",2h 16m,2007,7.3,1700
Permission,2h 17m,1987,8.3,1700
Poster Boys,2h 8m,2017,5.4,1700
Gumnaam,2h 31m,1965,6.9,1700
Ajji,1h 44m,2017,6.9,1700
Swarg,2h 40m,1990,6.7,1700
Luv Ka the End,1h 46m,2011,4.9,1700
Aap Kaa Surroor: The Moviee - The Real Luv Story,2h 7m,2007,2.4,1700
Bhonsle,2h 8m,2018,6.8,1700
Waqt Hamara Hai,2h 28m,1993,5.9,1700
Sirf Tum,2h 30m,1999,6.2,1700
Kaalia,2h 37m,1981,6.7,1700
Dus Kahaniyaan,1h 50m,2007,5.7,1700
Zameen,2h 34m,2003,5.4,1700
Zubeidaa,2h 33m,2001,6.5,1700
Return of Hanuman,1h 50m,2007,7.5,1700
Roadside Romeo,1h 33m,2008,4.8,1700
Disco Dancer,2h 15m,1982,6.4,1700
Ankur,2h 11m,1974,7.8,1700
Aamdani Atthanni Kharcha Rupaiya,2h 30m,2001,4.8,1700
Writing with Fire,1h 32m,2021,7.3,1700
Lakshmi,1h 55m,2014,7.9,1700
Ahista Ahista,2h 2m,2006,6.9,1700
Aarzoo,2h 55m,1999,5,1700
Saajan Chale Sasural,2h 14m,1996,5.9,1700
American Desi,1h 40m,2001,6.6,1700
Nyay: The Justice,1h 50m,2021,1.1,1700
All Is Well,2h 6m,2015,3.6,1700
Prasthanam,2h 21m,2019,5.8,1700
Ram Singh Charlie,1h 44m,2020,7.9,1700
Phool Aur Kaante,2h 53m,1991,6,1700
Aandhi,2h 13m,1975,7.9,1700
Ghost,2h 10m,2019,3.8,1700
Barot House,1h 29m,2019,7.2,1700
Love,2h 32m,1991,6,1700
Sharmaji Ki Lag Gai,2h 2m,2019,3.6,1600
Woh Lamhe ...,2h 36m,2006,6.5,1600
Fight Club: Members Only,2h 20m,2006,3.5,1600
Budhia Singh: Born to Run,1h 52m,2016,7.5,1600
Dark Wind,1h 35m,2017,7.9,1600
Policegiri,2h 21m,2013,4.2,1600
Creature,2h 14m,2014,3.2,1600
Deewaar: Let's Bring Our Heroes Home,2h 43m,2004,6,1600
Arjun Patiala,1h 47m,2019,4.3,1600
Saudagar,3h 33m,1991,6.7,1600
Chaar Lugaai,2h 7m,2023,8.1,1600
All India Rank,1h 37m,2023,6,1600
Teen Patti,2h 22m,2010,4.1,1600
Talaash: The Hunt Begins...,2h 33m,2003,4.3,1600
Aakhree Raasta,2h 44m,1986,7,1600
Madhumati,1h 50m,1958,7.8,1600
Noor,1h 57m,2017,4.1,1600
Umrika,1h 38m,2015,6.6,1600
Jajantaram Mamantaram,2h 2m,2003,6,1600
Kanpuriye,1h 43m,2019,6,1600
Naqaab,1h 55m,2007,5.4,1600
Hum Kisi Se Kum Nahin,2h 41m,2002,4.2,1600
Vodka Diaries,2h,2018,5.6,1600
Muzaffarnagar Baaqi Hai,2h 16m,2015,4.1,1600
Arth,2h 18m,1982,7.8,1600
Ek Doctor Ki Maut,2h 2m,1990,8.3,1600
Mirch Masala,2h 8m,1986,7.7,1600
Yeh Ballet,1h 57m,2020,7.5,1600
Lakadbaggha,2h 9m,2023,6,1500
Waqt,2h 58m,1965,7.6,1500
Searching for Sheela,2h 58m,2021,4.3,1500
Badal,2h 46m,2000,5,1500
Silence 2,2h 22m,2024,6.2,1500
Irada,1h 49m,2017,6.3,1500
Footfairy,1h 55m,2020,4.6,1500
Shabd,2h 20m,2005,5.1,1500
SP Chauhan: A Struggling Man,2h 16m,2019,4.9,1500
Ab Tak Chhappan 2,1h 46m,2015,5.8,1500
1921,2h 24m,2018,4.3,1500
Balu,2h 49m,2005,6,1500
Tu Chor Main Sipahi,2h 33m,1996,5.1,1500
Poorna,1h 40m,2017,7.7,1500
Vishwatma,2h 54m,1992,6.5,1500
Hamare Baarah,2h 28m,2024,7.4,1500
Khamoshiyan,2h 2m,2015,4,1500
Sanam Bewafa,2h 40m,1991,5.2,1500
Imamdasta,2h 23m,2024,8.9,1500
Ajab Tamasha,2h 2m,2023,7.1,1500
Dev,2h 52m,2004,6.7,1500
Insan,2h 21m,2005,4.6,1500
Karam,1h 57m,2005,5.8,1500
Zila Ghaziabad,2h 22m,2013,3.7,1500
Chhappad Phaad Ke,1h 30m,2019,6.2,1500
Happy Phirr Bhag Jayegi,2h 16m,2018,4.5,1500
Pathan,2h 16m,1962,4.6,1500
Run,2h 17m,2004,5,1500
Zid,2h 6m,2014,4.5,1500
Haan Maine Bhi Pyar Kiya,2h 54m,2002,3.6,1500
Dhaai Akshar Prem Ke,2h 47m,2000,3.5,1500
Meri Jung,2h 44m,1985,7.2,1500
Shaadi Karke Phas Gaya Yaar,2h 32m,2006,4.1,1500
Mr. Natwarlal,2h 28m,1979,6.5,1500
Ajooba,2h 58m,1990,5.2,1500
Pizza,1h 47m,2014,6.2,1500
Saawan - The Love Season,2h 3m,2006,2.7,1500
Monsoon Shootout,1h 32m,2013,6.6,1500
Bheja Fry 2,2h 9m,2011,4.7,1500
One Night Stand,1h 37m,2016,3.1,1500
Mili,2h 30m,1975,7.4,1500
Laadla,2h 49m,1994,5.9,1500
Aflatoon,2h 33m,1997,4.5,1500
Sadda Adda,1h 55m,2012,7,1500
Kaali Khuhi,1h 30m,2020,3.7,1400
Flight,1h 56m,2021,5.4,1400
Jhalki,1h 44m,2019,6.9,1400
Krishna Cottage,2h 4m,2004,5.2,1400
420 IPC,1h 38m,2021,6.5,1400
Jayantabhai Ki Luv Story,2h 10m,2013,5.3,1400
Bangistan,2h 15m,2015,4.5,1400
Barsaat,2h 46m,1995,5.6,1400
The Heist,2h,2024,8.2,1400
Rudraksh,2h 23m,2004,2.7,1400
Tum Bin II,2h 27m,2016,4.8,1400
Always Kabhi Kabhi,2h 6m,2011,4.2,1400
Wajah Tum Ho,2h 16m,2016,4.4,1400
Khelein Hum Jee Jaan Sey,2h 48m,2010,5.8,1400
Aksar,2h 15m,2006,5,1400
Phoonk,1h 50m,2008,4,1400
Guthlee Ladoo,1h 45m,2023,7.6,1400
Malaal,2h 16m,2019,5.9,1400
Jail,2h 11m,2009,6.2,1400
Karzzzz,2h 22m,2008,2.3,1400
Alag: He Is Different.... He Is Alone...,2h 3m,2006,3.7,1400
Jis Desh Mein Ganga Rehta Hain,2h 21m,2000,4.9,1400
16 December,2h 38m,2002,6.9,1400
Samrat and Co.,2h 5m,2014,6.2,1400
Yeh Majhdhaar,2h 19m,1996,5.1,1400
Yamla Pagla Deewana Phir Se,2h 25m,2018,4.4,1400
Nasha,2h 2m,2013,3.2,1400
Road,2h 14m,2002,5.7,1400
Netaji Subhas Chandra Bose: The Forgotten Hero,3h 28m,2005,7.6,1400
Saare Jahaan Se Mehnga...,2h,2013,7,1400
Aa Bhi Ja O Piya,1h 42m,2022,7.3,1400
Khandaani Shafakhana,2h 16m,2019,4.3,1400
Amma Ki Boli,1h 57m,2021,6.6,1400
Operation Romeo,2h 12m,2022,6.4,1400
Naksha,2h 2m,2006,3.5,1400
Aashayein,2h,2010,7.1,1400
Bade Dilwala,2h 26m,1999,3.7,1400
Katha,2h 21m,1983,7.7,1400
Baton Baton Mein,1h 52m,1979,7.5,1300
The Hungry,1h 40m,2017,7,1300
Haathi Mere Saathi,2h 50m,1971,6.9,1300
Sainik,2h 25m,1993,6,1300
Firangi,2h 38m,2017,4.3,1300
Mujhe Kucch Kehna Hai,2h 15m,2001,4.8,1300
Teesri Manzil,2h 52m,1966,7.5,1300
Ghulam-E-Musthafa,2h 42m,1997,6.7,1300
Chor Machaaye Shor,2h 25m,2002,4.3,1300
Barah Aana,1h 37m,2009,6.7,1300
C Kkompany,2h 7m,2008,5.5,1300
In the Shadows,1h 57m,2017,7,1300
Maa Tujhhe Salaam,2h 42m,2002,3.7,1300
Ek Ladka Ek Ladki,2h 42m,1992,5.8,1300
Dil Kya Kare,2h 38m,1999,5.1,1300
Naya Daur,2h 53m,1957,7.9,1300
Do Knot Disturb,2h 6m,2009,3.7,1300
D,1h 47m,2005,6.8,1300
Nadiya Ke Paar,2h 23m,1982,8.1,1300
Ek Duuje Ke Liye,2h 47m,1981,7.3,1300
Woh Kaun Thi?,2h 20m,1964,7.5,1300
Joru Ka Ghulam,2h 49m,2000,5.1,1300
Keemat: They Are Back,2h 42m,1998,5.5,1300
Pal Pal Dil Ke Paas,2h 34m,2019,4.5,1300
Badnaam Gali,1h 35m,2019,7,1300
The Killer,1h 57m,2006,4.8,1300
Aankh Micholi,2h 24m,2023,5.9,1300
Rautu Ka Raaz,1h 54m,2024,6.3,1300
Dillagi,3h 8m,1999,5.3,1300
Helicopter Eela,2h 15m,2018,5.5,1300
Children of War,2h 40m,2014,6.6,1300
Maine Dil Tujhko Diya,2h 34m,2002,4,1300
Patthar Ke Phool,2h 35m,1991,5.5,1300
Woh 7 Din,2h 19m,1983,7.5,1300
Kareeb,2h 25m,1998,6.5,1300
Ae Watan Mere Watan,2h 13m,2024,4.7,1300
Bombay to Goa,2h 12m,1972,6.7,1300
Ajmer 92,2h 21m,2023,7.9,1300
Yeshwant,2h 25m,1997,7.2,1300
Mission Istaanbul: Darr Ke Aagey Jeet Hai!,2h 10m,2008,3.5,1300
Angrezi Mein Kehte Hain,1h 44m,2018,6.7,1300
Jungle,2h 26m,2000,6.1,1300
Ramji Londonwaley,2h 34m,2005,6.6,1300
Satellite Shankar,2h 15m,2019,6.3,1300
Sapoot,2h 38m,1996,5.2,1200
I Am 24,1h 58m,2010,6.1,1200
Banjo,2h 17m,2016,5,1200
The Train: Some Lines Should Never Be Crossed...,2h 14m,2007,4.4,1200
Suryavanshi,2h 41m,1992,4.4,1200
Suhaag,2h 44m,1979,6.5,1200
Jodi Breakers,2h 7m,2012,3.7,1200
Khoon Bhari Maang,2h 52m,1988,6.6,1200
I See You,2h 2m,2006,4.4,1200
Kya Meri Sonam Gupta Bewafa Hai,2h 16m,2021,4.1,1200
...Yahaan,2h 22m,2005,7.5,1200
Raakh,2h 33m,1989,7.1,1200
Blank,1h 47m,2019,6.1,1200
Armaan,2h 38m,2003,5.3,1200
Happy Hardy and Heer,2h 3m,2020,5.3,1200
Shola Aur Shabnam,2h 45m,1992,6.5,1200
Parampara,2h 35m,1993,5.1,1200
Shikhar,2h 42m,2005,5.1,1200
Daud: Fun on the Run,3h,1997,5.9,1200
Patna Shukla,2h 5m,2024,5.6,1200
Aakrosh,2h 24m,1980,7.9,1200
Ittefaq,1h 44m,1969,7.4,1200
Paltan,2h 30m,2018,5.2,1200
Nagina,2h 17m,1986,6.4,1200
Koi Jaane Na,2h 21m,2021,3.6,1200
Unlock Zindagi,2h 31m,2023,5.9,1200
Awwal Number,2h 30m,1990,4.5,1200
Chippa,1h 30m,2019,6.6,1200
Once Again,1h 41m,2018,6.9,1200
Auzaar,2h 7m,1997,4.5,1200
Blood Money,1h 49m,2012,4.8,1200
Maharathi,1h 54m,2008,7.1,1200
Jaagruti,2h 14m,1993,4.7,1200
Naram Garam,2h 2m,1981,7.4,1200
P Se Pyaar F Se Faraar,2h 11m,2019,6.7,1200
Operation Mayfair,1h 56m,2023,2.4,1200
100 Days,2h 41m,1991,6.4,1200
Main Aisa Hi Hoon,2h 42m,2005,4.9,1200
Religion,1h 45m,2007,8,1200
Guddi,2h 1m,1971,7.2,1200
Naam,2h 57m,1986,7.3,1200
Khamosh,1h 41m,1986,7.5,1200
Kati Patang,2h 47m,1970,7.2,1200
Liar's Dice,1h 44m,2013,6.7,1200
Dilwaala,2h 40m,1986,3.8,1200
Fugly,2h 9m,2014,4.7,1200
Aetbaar,2h 32m,2004,4.7,1200
Akhiyon Se Goli Maare,2h 26m,2002,5.2,1200
Kasoor,2h 31m,2001,6,1200
Satyam Shivam Sundaram: Love Sublime,2h 52m,1978,7,1200
Michael,1h 37m,2011,5.3,1200
Depth of Pyaar,1h 33m,2019,6.8,1200
Shudra the Rising,2h,2012,8,1200
Aanchhi,2h 3m,2022,7.2,1200
Shaapit: The Cursed,2h 25m,2010,5.5,1200
Kurukshetra,2h 9m,2000,6.1,1100
Harami,1h 40m,2020,7.4,1100
Muskurahatein,2h 12m,2017,2.6,1100
Juni the Last Prayer,2h 12m,2022,7.9,1100
Ram Teri Ganga Maili,2h 58m,1985,6.5,1100
Department,2h 21m,2012,3.1,1100
Hera Pheri,2h 44m,1976,6.6,1100
La Vaste,1h 56m,2023,5.3,1100
Arjun,2h 34m,1985,7.2,1100
Bypass Road,2h 17m,2019,5.3,1100
"I Am Alone, So Are You...",1h 57m,2019,4.7,1100
Kahani Rubberband Ki,2h,2022,5.3,1100
Dostana,2h 32m,1980,6.4,1100
Shatranj,1h 24m,2023,5.3,1100
Love Breakups Zindagi,2h 36m,2011,5.9,1100
Kunwara,2h 14m,2000,5.2,1100
Anwar,2h 24m,2007,6.5,1100
Bhaag Johnny,1h 58m,2015,5.1,1100
Hurdang,2h 2m,2022,5.3,1100
Sonali Cable,2h 7m,2014,5.3,1100
Love You Loktantra,2h 15m,2022,6.9,1100
Dishkiyaoon,1h 59m,2014,5.2,1100
Trahimam,1h 14m,2022,8.1,1100
Pyaari - Tarawali the True Story,2h 23m,2023,8,1100
Sayonee,1h 51m,2020,5.4,1100
Right Yaaa Wrong,2h 15m,2010,6.6,1100
Shirin Farhad Ki Toh Nikal Padi,1h 51m,2012,4.5,1100
Do Aur Do Paanch,2h 12m,1980,6.8,1100
Lakeer: Forbidden Lines,2h 50m,2004,4.7,1100
Anth the End,1h 45m,2022,6.2,1100
Ye Mard Bechara,2h 14m,2021,7.9,1100
Saat Uchakkey,2h 19m,2016,5.6,1100
Mandali,1h 58m,2023,8.4,1100
Rishtey,2h 44m,2002,4.8,1100
Kranti,3h 8m,1981,7.3,1100
Prem Rog,3h 3m,1982,7.1,1100
Saaya,2h 15m,2003,5.7,1100
Nawabzaade,1h 52m,2018,4.2,1100
Saagar,3h 6m,1985,6.9,1100
Bajrang Aur Ali,2h 2m,2024,7.8,1100
Striker,2h 8m,2010,6.9,1100
Deewana Mujh Sa Nahin,2h 10m,1990,5,1100
Mudda 370 J&K,2h 12m,2019,7.6,1100
Jagte Raho,2h 33m,1956,8.2,1100
Parvarish,2h 42m,1977,6.8,1100
Sorry Bhai!,2h 34m,2008,6.2,1100
Jai Mummy Di,1h 43m,2020,3.7,1100
Darr @ the Mall,2h 4m,2014,4.9,1100
Arjun Pandit,2h 30m,1999,5.4,1100
Shahrukh Bola 'Khoobsurat Hai Tu'... And She Believed in It,1h 29m,2010,4.5,1100
I Am,1h 35m,2010,6.8,1100
Satya 2,2h 22m,2013,5.8,1100
Mast,2h 33m,1999,5.4,1100
Where's the Party Yaar?,1h 50m,2003,5,1100
Jahangir National University,2h 30m,2024,5.9,1100
Dvand: The Internal Conflict,1h 56m,2023,5.3,1100
Fun2shh... Dudes in the 10th Century,2h 10m,2003,4.6,1100
Love Games,1h 54m,2016,4.3,1100
Papi Gudia,2h 10m,1996,2.5,1100
Saugandh,2h 33m,1991,5.4,1100
Mere Jeevan Saathi,2h 9m,2006,3.4,100
Ram Aur Shyam,2h 51m,1967,7.2,100
Bandook,2h 12m,2013,5.8,100
My Client's Wife,1h 46m,2020,6.2,100
Ekta,1h 39m,2019,6.6,100
Toofan,2h 54m,1989,5.1,100
Bioscopewala,1h 31m,2017,7.5,100
Roop Ki Rani Choron Ka Raja,3h 10m,1993,4.8,100
Sandwich,2h 32m,2006,5.6,100
Time to Dance,1h 53m,2021,2.4,100
Megacities,1h 30m,1998,7.4,100
Khatta Meetha,2h 8m,1978,7.5,100
Toonpur Ka Superrhero,1h 35m,2010,4.3,100
War Chod Na Yaar,1h 59m,2013,5.4,100
Raja,2h 48m,1995,5,100
Veerana,2h 15m,1988,6.6,100
Shaadi No. 1,2h 9m,2005,3.6,100
Mausam,2h 36m,1975,8,100
Ankahi Kahaniya,1h 50m,2021,5.6,100
Love and Shukla,1h 47m,2017,7.3,100
Family of Thakurganj,2h 7m,2019,5.3,100
Tere Bin Laden: Dead or Alive,1h 44m,2016,4.4,100
Junooniyat,2h 35m,2016,4.1,100
Purab Aur Pachhim,2h 22m,1970,7.4,100
Gopi Kishan,2h 41m,1994,5.8,100
Operation Valentine,2h 13m,2024,5.3,100
Ascharyachakit!,1h 30m,2018,5,100
Footpath,2h 44m,2003,5.4,100
Aap Ki Khatir,2h 2m,2006,3.9,100
Doraemon: Nobita's Dorabian Nights,1h 39m,1991,7.2,100
Doraemon: Nobita and the Green Giant Legend,1h 52m,2008,6.6,100
Kucch To Hai,2h 23m,2003,4.3,100
Biwi Ho To Aisi,2h 29m,1988,5.6,100
Mera Saaya,2h 8m,1966,7.6,100
Halkaa,1h 54m,2018,7.1,999
Welcome To New York,1h 58m,2018,1.5,997
Gumrah,2h 29m,1993,6.1,995
Tum Mere Ho,2h 9m,1990,3.9,994
Pyare Mohan,2h 10m,2006,3.4,990
...Aur Pyaar Ho Gaya,2h 27m,1997,4.6,986
Suraj Ka Satvan Ghoda,2h 10m,1992,7.9,986
Plan,2h 29m,2004,4.4,985
Machine,2h 28m,2017,2.8,982
Parichay,2h 25m,1972,7.6,981
Love Love Love,2h 26m,1989,4.8,980
The Last Color,1h 30m,2019,7.7,980
Mirch,1h 45m,2010,6.5,980
Aloo Chaat,2h 35m,2009,5.9,979
Not Today,1h 32m,2021,6.9,978
My Wife's Murder,1h 43m,2005,6.1,977
Shortkut - The Con Is On,2h 22m,2009,3.5,977
Dangerous Ishq,2h 10m,2012,4.1,973
Xcuse Me,2h 32m,2003,5.7,971
The Touch,2h 25m,1980,8,968
Hero,2h 53m,1983,6.7,968
Calendar Girls,2h 11m,2015,4.2,968
Upstarts,1h 52m,2019,6.7,965
Guddu Rangeela,2h 4m,2015,5.3,965
Mandi,2h 47m,1983,7.5,964
Yeh Teraa Ghar Yeh Meraa Ghar,2h 55m,2001,5.9,964
Gardish,2h 33m,1993,7.6,963
Chori Chori,2h 15m,2003,4.8,961
Qurbani,2h 37m,1980,7.1,960
Aa Dekhen Zara,1h 57m,2009,5.2,959
Kuchh Bheege Alfaaz,1h 56m,2018,7.4,959
Ram Ke Naam,1h 30m,1992,8.9,958
Mashaal,2h 42m,1984,7.2,957
Big Brother,2h 8m,2007,4.1,954
Y.M.I. Yeh Mera India,2h 17m,2008,7.7,945
Elaan,2h 26m,1994,5.1,943
Mister Mummy,1h 37m,2022,2.1,941
Johny Mera Naam,2h 39m,1970,7.4,938
Daulat Ki Jung,2h 23m,1992,5.1,937
Insaaf: The Final Justice,2h 35m,1997,3.8,936
Vaada,2h 15m,2005,6,935
Pyaar Tune Kya Kiya...,2h 3m,2001,5.7,935
Penalty,2h 8m,2019,5.3,935
Crazy Uncles,1h 42m,2021,8.9,927
Kuch Kuch Locha Hai,2h 23m,2015,2.6,924
Dhoondte Reh Jaoge,2h 11m,2009,5.6,919
Dharam Veer,2h 45m,1977,6.7,918
Cookie,1h 44m,2020,4.6,918
Paap,2h,2003,5.2,917
Anari,2h 46m,1959,7.6,916
Road to Sangam,2h 15m,2009,7.3,915
King of the Khyber Rifles,1h 40m,1953,6.3,913
Khoobsurat,2h 33m,1999,5.3,910
Rush,1h 50m,2012,3.9,910
Jigar,2h 41m,1992,5.1,908
Dil Tera Aashiq,2h 31m,1993,4.9,908
Ruslaan,2h,2024,3.7,907
Gippi,1h 35m,2013,5.6,906
Gandhinagar 2nd Street,2h 17m,1986,7.7,906
FryDay,1h 54m,2018,5.3,904
I Love NY,2h 7m,2015,3.4,902
Scotland,2h,2019,4.3,902
Angaaray,2h 21m,1998,5.2,901
Tuesdays and Fridays,1h 46m,2021,4.5,899
What are the Odds?,1h 32m,2019,5.3,899
Roti Kapada Aur Makaan,2h 39m,1974,6.8,898
Bol Radha Bol,2h 44m,1992,6.1,898
The Pool,1h 38m,2007,7.2,898
Aatish: Feel the Fire,2h 35m,1994,5.9,897
John Day,2h 18m,2013,5.6,897
Chandra Mukhi,2h 32m,1993,3.9,895
Gayab,2h 18m,2004,4.3,895
Larger Than Life,1h 18m,2003,6.3,895
Veerappan,2h 5m,2016,5.3,894
Bandini,2h 37m,1963,7.6,892
Duvidha,1h 22m,1973,7,889
Boot Polish,2h 29m,1954,7.8,889
Saudagar,2h 11m,1973,7.4,887
Jhooth Bole Kauwa Kaate,2h 28m,1998,5.6,887
Soundtrack,2h 12m,2011,7.1,886
Aatank Hi Aatank,2h 35m,1995,4.5,885
Naina,1h 43m,2005,4.2,883
De Taali,2h 20m,2008,4.2,883
8 A.M. Metro,1h 56m,2023,7.5,882
Warrior Savitri,2h 16m,2016,3.1,882
Bumm Bumm Bole,2h 4m,2010,6.3,881
Shukranu,1h 30m,2020,6.4,879
Doraemon: Nobita and the Wind Wizard,1h 24m,2003,7,877
Kamaal Dhamaal Malamaal,2h 28m,2012,4.3,875
Har√© Rama Har√© Krishna,2h 29m,1971,7.1,875
Tumsa Nahin Dekha,2h 8m,2004,4.7,868
Saheb Biwi Aur Gangster 3,2h 20m,2018,4.4,867
Tutak Tutak Tutiya,2h 18m,2016,5.5,866
Purani Jeans,2h 17m,2014,6.2,863
Jeena Sirf Merre Liye,2h 17m,2002,3.9,861
Kamasutra 3D,1h 50m,2013,5.9,859
Jack & Dil,1h 38m,2018,6.9,859
Albela,2h 25m,2001,3.7,857
Afsana Pyar Ka,2h 25m,1991,5.3,855
Sardar,2h 55m,1993,8.1,852
Shaadi Se Pehle,2h 2m,2006,4.3,849
Rajnigandha,1h 50m,1974,7.3,847
Fraud Saiyaan,1h 49m,2019,4.2,843
Yeh Suhaagraat Impossible,1h 32m,2019,5.4,843
Agni Sakshi,2h 22m,1996,6.2,841
Chalk N Duster,2h 10m,2016,6.5,841
Vijaypath,2h 43m,1994,5.1,839
Sniffer,2h 17m,2013,5.6,839
Satyakam,2h 55m,1969,8.3,834
Jackpot,2h 12m,2013,2,831
C.I.D.,2h 26m,1956,7.1,829
Andhaa Kaanoon,2h 35m,1983,6.2,828
Daag: The Fire,2h 32m,1999,5,828
Bombay Rose,1h 37m,2019,6.5,828
Yeh Raaste Hain Pyaar Ke,2h 29m,2001,4,826
Milestone,1h 38m,2020,6.6,824
Doraemon: Nobita's Three Visionary Swordsmen,1h 38m,1994,7.3,823
Police Force: An Inside Story,2h 18m,2004,4.2,820
Middle Class Love,2h 2m,2022,6.1,817
Kadhalar Dinam,2h 35m,1999,6.6,817
Mera Damad,2h 7m,1995,4.6,817
Tony,2h 4m,2018,6.8,816
Roar,2h 3m,2014,5.6,811
Guddu Ki Gun,2h 10m,2015,4.6,811
23rd March 1931: Shaheed,3h 8m,2002,5.3,811
Koochie Koochie Hota Hai,3h 8m,2021,6.2,810
Gaja Gamini,2h 2m,2000,4.5,808
Waisa Bhi Hota Hai Part II,2h 17m,2003,7.4,808
The Churning,2h 14m,1976,7.7,807
Majboor,2h 35m,1974,7.1,807
Hathyar: Face to Face with Reality,2h 20m,2002,5.7,803
Main Azaad Hoon,2h 40m,1989,7.3,801
Bardaasht,2h 35m,2004,5.9,801
Jo Bole So Nihaal,2h 5m,2005,3.7,796
Bulandi,2h 55m,2000,5.2,795
Wajood,3h,1998,7,793
Yakeen,1h 56m,2005,5.7,791
Kishen Kanhaiya,2h 40m,1990,5.9,790
Janbaaz,2h 55m,1986,6.2,789
Elaan,2h 39m,2005,4.6,786
Ugly Aur Pagli,1h 57m,2008,3.8,785
Bajatey Raho,1h 47m,2013,5.3,784
Meri Biwi Ka Jawab Nahin,2h 30m,2004,3.5,783
Badhaai Ho Badhaai,2h 35m,2002,4.7,783
Henna,3h,1991,6.2,782
Silsiilay,2h 14m,2005,4.3,780
Saroj Ka Rishta,2h 2m,2022,4.7,779
Music Teacher,1h 41m,2019,6.2,776
Chaand Kaa Tukdaa,2h 35m,1994,3.9,776
Pitaah,2h 6m,2002,6.4,776
Superstar,2h,2008,6.1,775
Aazam,2h,2023,5.9,774
Siddharth,1h 36m,2013,7.4,773
I Did Not Kill Gandhi,1h 40m,2005,7.3,772
Pusher,1h 47m,2010,6.2,770
Chitchor,1h 45m,1976,7.5,770
One by Two,2h 19m,2014,3.9,769
Gharwali Baharwali,2h 18m,1998,4.6,768
What If?,1h 55m,2006,6.4,764
Dushman Duniya Ka,2h 33m,1996,3.3,761
Anari No. 1,2h 49m,1999,5.1,761
A Sublime Love Story: Barsaat,2h 23m,2005,4.4,754
Aunty No. 1,2h 40m,1998,4.4,754
Fever,1h 47m,2016,4.7,751
Avtaar,2h 30m,1983,7.3,750
Aaina,2h 29m,1993,6.1,750
X: Past Is Present,1h 45m,2015,5.2,749
The Taste of Relation,1h 27m,2009,7.8,747
Thanks Maa,2h,2009,8,745
Mumbaikar,2h 2m,2023,4.8,744
Naajayaz,2h 37m,1995,5.6,743
Khichdi 2,2h 1m,2023,4.6,743
Vaastu Shastra,1h 46m,2004,5,742
Not a Love Story,1h 40m,2011,5.2,740
Nishant,2h 20m,1975,7.6,739
Bekhudi,2h 20m,2021,4.3,739
Kissise Na Kehna,2h 20m,1983,7.3,739
The Great Gambler,2h 41m,1979,6.4,737
Lahore Confidential,1h 8m,2021,2.9,737
Agyaat,2h 10m,2009,3,737
Acid Factory,1h 48m,2009,5.1,737
Coolie No. 1,2h 26m,1991,6.1,737
Bhindi Baazaar Inc.,2h 37m,2011,6,736
Hameshaa,2h 21m,1997,5.1,736
Blackmail,2h 6m,2005,4.7,736
Hum Tum Aur Ghost,2h 5m,2010,4.8,734
Kohram,2h 30m,1999,5.3,733
Shakalaka Boom Boom,2h 9m,2007,2.7,732
Zulmi,2h 9m,1999,4.2,732
Antardwand,1h 54m,2008,7.3,731
Aatma,1h 34m,2013,3.9,729
Naa Autograph Sweet Memories,2h 28m,2004,7.5,728
Chatur Singh Two Star,1h 50m,2011,1.8,728
Kuch Khatti Kuch Meethi,2h,2001,4.7,726
Barsaat,2h 51m,1949,7.2,724
Gangaa Jamunaa Saraswathi,3h 7m,1988,4.7,723
Lamhaa: The Untold Story of Kashmir,2h 32m,2010,5,720
Bhumika,2h 22m,1977,7.4,718
Raghu Romeo,1h 40m,2003,6.9,718
Rakht,2h 42m,2004,3.8,718
Lekar Hum Deewana Dil,2h 20m,2014,4.7,718
Kshatriya,3h 7m,1993,5.9,717
Shakeela,2h 6m,2020,3.4,716
Meeruthiya Gangsters,2h 9m,2015,7,713
Kuch Tum Kaho Kuch Hum Kahein,2h 51m,2002,6,713
Jawani Zindabad,2h 43m,1990,5.1,713
Atithi Bhooto Bhava,1h 54m,2022,6,712
Lal Baadshah,3h,1999,3.3,711
Lahoo Ke Do Rang,2h 52m,1997,4.1,711
Music School,2h 5m,2023,6.2,710
Barood,2h 39m,1998,4.3,708
Mixed Doubles,1h 31m,2006,6.5,708
Gali Gali Chor Hai,1h 49m,2012,5.2,705
Doraemon: Nobita and the Kingdom of Clouds,1h 37m,1992,7,704
Thakshak,2h 43m,1999,6,704
Nirdosh,1h 50m,2018,4.4,703
Anthony Kaun Hai?,2h 7m,2006,5.1,702
The Dark Side of Life: Mumbai City,2h 5m,2018,5.8,702
Mere Pyare Prime Minister,1h 44m,2018,6.8,700
Hostel,1h 51m,2011,5.3,698
Faactory,1h 36m,2021,6.5,698
Dil Kabaddi,2h,2008,5.7,697
Mr. Bond,2h 7m,1992,3.4,695
Ribbon,1h 46m,2017,6.9,695
Six Nine Five (695),2h 17m,2024,6.8,694
Mahabharat,1h 45m,2013,5.3,694
Jai Kishen,2h 9m,1994,4.7,694
Sangdil Sanam,2h 36m,1994,4.2,694
Doraemon: Nobita's Great Adventure in the South Seas,1h 40m,1998,7.1,693
Kuldip Patwal: I Didn't Do It!,2h 8m,2017,6.4,692
Kaanchi,2h 31m,2014,4.2,690
Dear Dia,2h 31m,2022,6.7,690
Ikke Pe Ikka,2h 14m,1994,3.3,689
Pyaar Ishq Aur Mohabbat,2h 48m,2001,4.2,688
Purana Mandir,2h 24m,1984,6.3,687
Before You Die,2h 24m,2022,8.4,687
Betaab,2h 42m,1983,6.5,686
Doraemon the Movie: Nobita's Mermaid Legend,1h 39m,2010,6.5,686
Aaj Ka Arjun,2h 44m,1990,4.6,686
Kureyon Shinchan: Action Kamen vs Haigure Ma√¥,1h 33m,1993,6.7,685
Veer Savarkar,2h 45m,2001,7.1,683
Daag: A Poem of Love,2h 26m,1973,7,682
Shaadisthan,1h 34m,2021,5.6,680
Isi Ka Naam Zindagi,2h 20m,1992,4.9,680
Rocky,2h 31m,1981,6.5,678
Gunga Jumna,2h 58m,1961,7.4,678
Deadline: Sirf 24 Ghante,1h 42m,2006,6.3,677
EMI: Liya Hai To Chukana Padega,3h,2008,4.4,673
Mr. & Mrs. '55,2h 37m,1955,7.1,672
Money Hai Toh Honey Hai,2h 18m,2008,2.9,672
The Song of Scorpions,1h 59m,2017,6.1,671
Deewane,2h 44m,2000,4.6,671
Ek Khiladi Ek Haseena,2h 23m,2005,5.7,670
Prem Aggan,2h 48m,1998,1.7,669
Tarazu,2h 24m,1997,4,669
Ramayana: The Epic,1h 38m,2010,5.9,668
Dancer,2h 30m,1991,3.7,668
Mere Apne,2h 44m,1971,7.6,667
Junoon,2h 3m,1992,5.6,666
Jaan,2h 50m,1996,4.3,665
Teree Sang: A Kidult Love Story,2h 12m,2009,6.4,665
Rukh,1h 46m,2017,6.3,665
Baaraat Company,2h 4m,2017,5.2,665
Asambhav,2h 19m,2004,3.8,664
Darling,2h 8m,2007,4.1,663
Bas Itna Sa Khwaab Hai...,2h 49m,2001,3.8,663
Sankat City,2h,2009,6.2,663
O Teri,1h 47m,2014,3.3,662
Aao Wish Karein,2h 20m,2009,5.2,661
Home Delivery: Aapko... Ghar Tak,2h 31m,2005,3.4,661
Jaane Kahan Se Aayi Hai,1h 34m,2010,4.4,660
Rajjo,2h 3m,2013,2.8,660
"Brother, Superhit!",2h 19m,2018,3.9,658
Dange,2h 34m,2024,5.4,657
Dayavan,2h 53m,1988,6.4,657
Khamoshi,2h 7m,1969,7.7,656
Machines,1h 11m,2016,7.3,652
Champion,2h 20m,2000,4.5,651
Nobita no uch√ª sh√¥-sens√¥,1h 38m,1985,7.2,651
Adventures of Ali-Baba and the Forty Thieves,2h 18m,1980,6.2,650
Risk,2h 35m,2007,6.6,649
Doraemon: Nobita and the Tin Labyrinth,1h 40m,1993,7,649
Deedar,2h 10m,1992,3.9,649
Kartoos,2h 4m,1999,5.1,648
Humko Tumse Pyaar Hai,2h 8m,2006,5.3,647
Kurbaan,2h 13m,1991,4.2,646
Jamai Raja,2h 13m,1990,5.3,646
"Tom, Dick, and Harry",2h 17m,2006,3.2,644
Black & White,2h 14m,2008,6.2,644
Dirty Politics,2h 10m,2015,2.6,643
Doraemon: Nobita in the Wan-Nyan Spacetime Odyssey,1h 29m,2004,7,643
Dhund,2h 10m,1973,7.4,642
Listen... Amaya,1h 48m,2013,6.5,642
The Legend of Michael Mishra,2h 5m,2016,4.4,641
Loafer,2h 40m,1996,5.1,640
LoveShhuda,2h 13m,2016,4.7,638
Line of Descent,1h 48m,2019,4.6,637
Nishchaiy,2h 26m,1992,4.3,637
Veerey Ki Wedding,2h 11m,2018,2.8,637
Daava,2h 25m,1997,4.1,636
Hogi Pyaar Ki Jeet,3h,1999,4.5,635
10 Nahi 40,3h,2022,8.7,635
Khel,2h 32m,1992,6.2,634
Tera Jadoo Chal Gayaa,2h 23m,2000,3.1,633
Shalimar,2h 17m,1978,6.3,631
Code Name Abdul,1h 54m,2021,5.4,631
Doli Saja Ke Rakhna,2h 50m,1998,6.4,629
Amaanat,2h 20m,1994,4.1,628
Zaalim,2h 11m,1994,4.4,627
Ghulami,3h 19m,1985,7.4,626
Upkar,2h 55m,1967,7.6,626
Anni Manchi Sakunamu,2h 34m,2023,6.1,625
3 AM: A Paranormal Experience,1h 43m,2014,4.4,624
Desh Premee,2h 45m,1982,5.8,623
Taqdeerwala,2h 42m,1995,6.5,622
Naach,2h 30m,2004,4.4,622
Satta,2h 33m,2003,6.8,621
Bazaar,2h,1982,7.4,619
Calling Mr. Joe B Carvalho,2h 10m,2014,3.6,619
Kismet Love Paisa Dilli,2h 9m,2012,4.5,619
Ek Chhotisi Love Story,2h 2m,2002,3.1,618
Rang Birangi,3h,1983,7.2,618
Doraemon: Nobita and the Galaxy Super-express,1h 37m,1996,6.9,617
Daraar,1h 45m,1996,5.3,616
Mumbai Se Aaya Mera Dost,2h 26m,2003,3.3,615
Loha,2h 40m,1997,5.2,614
Tum Milo Toh Sahi,2h 8m,2010,5.7,614
Agra,2h 12m,2023,6.4,613
Matto Ki Saikil,1h 35m,2020,7.9,613
Chalo Ishq Ladaaye,2h 20m,2002,4.4,613
Holi,2h,1984,7.1,613
Fox,2h 25m,2009,5.3,613
Mee Raqsam,1h 20m,2020,6.7,613
Jaani Dushman,2h 34m,1979,6.1,611
Jaal: The Trap,2h 22m,2003,4.3,609
Gour Hari Dastaan: The Freedom File,1h 54m,2015,7.3,609
Andaz,2h 28m,1949,6.7,605
Jurm,2h 30m,2005,5.5,604
I - Proud to Be an Indian,2h 9m,2004,6.1,603
Chamku,1h 45m,2008,4.5,602
Paying Guests,1h 49m,2009,4.4,597
Anari,2h 51m,1993,5.3,596
Jaadugar,2h 53m,1989,4.2,595
Jamun,1h 32m,2021,7.2,595
Nehlle Pe Dehlla,2h 5m,2007,3.7,594
Speed,1h 42m,2007,3.1,594
Rog,1h 55m,2005,5.2,593
Half Ticket,2h 48m,1962,7.3,593
Paandav,2h 12m,1995,3.2,593
Bhoot Returns,1h 25m,2012,2.6,592
Maidan-E-Jung,2h 35m,1995,3.7,592
Subway,2h 42m,2022,8.4,592
Mastram,1h 38m,2013,4.8,591
Kalyug,2h 32m,1981,7.8,591
Hotel Milan,2h 10m,2018,3.8,589
Dedh Bigha Zameen,1h 40m,2024,7,588
Rudaali,2h 8m,1993,7.4,587
Bhuvan Shome,1h 36m,1969,7.2,586
Main Raj Kapoor Ho Gaya,1h 36m,2023,8.9,585
Sur,2h 16m,2002,6.6,584
Roti,2h,1974,6.8,582
Khoya Khoya Chand,2h 11m,2007,6.3,582
Ram Balram,2h 49m,1980,6.2,581
Jhumroo,2h 51m,1961,6.8,581
Maharaja,2h 44m,1998,4.2,580
Mohabbat,2h 31m,1997,4.9,580
Evening Shadows,1h 42m,2018,7.2,579
Lomad,1h 39m,2023,8.2,579
Just Married: Marriage Was Only the Beginning!,2h 15m,2007,5.4,578
Junoon,2h 21m,1979,7.6,577
"Raat Gayi, Baat Gayi?",1h 44m,2009,6.3,577
Criminal,2h 3m,1994,5.7,576
Rikki-Tikki-Tavi,1h 18m,1976,7.6,576
Kashmir Ki Kali,2h 48m,1964,6.9,576
Doraemon: Nobita and the Winged Braves,1h 35m,2001,6.9,576
Victory,2h 40m,2009,3.8,575
Lahore,2h 25m,2010,6.3,575
Pinky Beauty Parlour,1h 56m,2016,6.5,574
Ekkees Toppon Ki Salaami,2h 20m,2014,6.1,574
Chori Chori,2h 38m,1956,7.2,573
Ashaant,2h 21m,1993,4.4,573
Uski Roti,1h 50m,1970,6.9,573
Salim Langde Pe Mat Ro,1h 51m,1989,7.7,570
Hum Tum Pe Marte Hain,2h 45m,1999,5,570
Bengal 1947,2h 9m,2024,6.9,570
Om Dar-B-Dar,1h 41m,1988,7.1,569
Dada Lakhmi Chand,2h 34m,2022,8.4,568
Tere Mere Sapne,2h 26m,1996,6.1,568
Saaheb,2h 30m,1985,7.2,568
Johnny,2h 20m,1980,7.7,567
Bhouri,2h 20m,2016,6.6,566
Phoonk 2,1h 50m,2010,3.1,566
Hatya: The Murder,2h 11m,2004,2.7,566
Narasimha,3h 34m,1991,5.5,565
Haqeeqat,3h 4m,1964,7.8,565
Kayda Kanoon,2h 30m,1993,4,565
Salaakhen,2h 45m,1998,5.5,564
Bas Ek Pal,2h 30m,2006,5.8,563
Junglee,2h 30m,1961,6.9,563
Paar,2h 21m,1984,7.7,563
Ajab Gazabb Love,1h 56m,2012,4.4,563
Beiimaan Love,2h,2016,2.9,562
Haathi Mere Saathi,2h 6m,2021,6.3,561
Hum Kisise Kum Naheen,2h 49m,1977,7.1,560
B.A. Pass 2,2h 5m,2017,2.2,559
Behind That Curtain,1h 31m,1929,4.8,557
Dil Juunglee,2h 4m,2018,3.7,555
Ek Vivaah... Aisa Bhi,2h 12m,2008,5.3,553
Dil Ki Baazi,2h 42m,1993,4.4,553
Mr Ya Miss,2h 16m,2005,3.8,552
Main Madhuri Dixit Banna Chahti Hoon!,2h 16m,2003,6.3,552
Dil Diya Hai,2h 1m,2006,3.9,550
Pati Patni Aur Woh,2h 21m,1978,7,548
Kismat,2h 23m,2004,4.1,548
Shaukeen,2h 7m,1982,7.2,547
Jawani Diwani: A Youthful Joyride,1h 51m,2006,2.9,547
Journey Bombay to Goa: Laughter Unlimited,2h 18m,2007,4.8,546
Khel,2h 54m,2003,4.1,546
36 Farmhouse,1h 47m,2022,3.8,541
Heartless,2h 11m,2014,5.2,541
Anupama,2h 28m,1966,7.4,538
My Dear Kuttichaathan,1h 36m,1984,7.8,538
Shikari,2h 40m,2000,4.7,536
Mammo,2h 10m,1994,7.8,536
Dil Vil Pyar Vyar,2h 30m,2002,5.4,535
Zubaan,1h 55m,2015,6.1,535
Nazar Ke Samne,1h 36m,1995,3.7,534
Chaalis Chauraasi,2h,2012,6.1,534
Calcutta Mail,2h 8m,2003,5.7,534
Aashiq,2h 40m,2001,4,533
Kya Yehi Pyaar Hai,2h 25m,2002,4.2,533
Hattrick,1h 50m,2007,4.3,533
Eeshwar,2h 27m,1989,7.3,531
Maan Gaye Mughall-E-Azam,2h 17m,2008,3.2,530
Eiga Kureyon Shinchan: Gachinko! Gyakushuu no Robot√¥chan,1h 37m,2014,7.2,529
The Angrez,1h 50m,2005,7.5,529
Yalgaar,3h 12m,1992,5.5,528
Katiyabaaz,1h 24m,2013,7.7,528
Zed Plus,2h 21m,2014,6.3,528
Geraftaar,2h 47m,1985,5.9,526
Namkeen,1h 52m,1982,7.8,526
Tathastu,1h 53m,2006,4.5,526
Farz,2h 37m,2001,4.4,525
Hulchul,2h 32m,1995,4.5,525
1922 Pratikaar Chauri Chaura,1h 51m,2023,8.5,525
Doraemon: Nobita and the Robot Kingdom,1h 20m,2002,6.7,524
Shararat,2h 35m,2002,4.8,524
Nagin,3h,1976,6.1,524
Mahaan,3h 1m,1983,6,523
Chidiakhana,1h 55m,2023,6.7,523
Super Nani,2h 13m,2014,4.8,523
Hu Tu Tu,2h 52m,1999,6.4,522
Kanoon,2h 30m,1960,7.9,521
My Name Is Anthony Gonsalves,2h 16m,2008,3.9,520
The Ladykiller,2h 5m,2023,1.9,519
Maatr,1h 53m,2017,4.7,519
706,2h,2019,5.3,519
Aap Ki Kasam,2h 33m,1974,7,518
Bemisal,2h 22m,1982,6.9,517
Mrityudand: The Death Sentence,2h 30m,1997,7.1,516
Manjunath,2h 10m,2014,7.1,516
Andaz,2h 47m,1994,4.5,515
Pardesi Babu,2h 47m,1998,5.1,515
Issaq,2h 28m,2013,4.4,515
The Rally,2h 10m,2017,4.6,515
Albert Pinto Ko Gussa Kyon Ata Hai,1h 50m,1980,7.1,514
Akayla,3h,1991,5.3,513
Hamraaz,2h 50m,1967,7.2,513
Dhokha,1h 57m,2007,6.3,513
Kal Kissne Dekha,2h 14m,2009,3.6,512
Refl3ct,1h 5m,2021,6.1,511
Zakhmi Dil,2h 31m,1994,2.9,509
Gafla,2h 7m,2006,7.4,507
Jis Desh Men Ganga Behti Hai,2h 47m,1960,7.1,507
Dear Maya,1h 51m,2017,6.3,506
Naseeb,2h 18m,1998,5.2,506
Doraemon: Nobita and the Animal Planet,1h 39m,1990,6.8,505
Paggal,1h 39m,2022,8.3,505
Jal,2h 6m,2013,6.6,504
Raja Ki Ayegi Baraat,2h 38m,1997,3.6,502
Kaalo,1h 19m,2010,3.8,502
Mahal,2h 45m,1949,6.9,502
Halo,1h 32m,1996,8.2,502
Pappu Can't Dance Saala,2h 18m,2010,6.5,502
One Friday Night,1h 32m,2023,4.9,501
A Night of Knowing Nothing,1h 39m,2021,7.2,500
Bhai,2h 27m,1997,5.3,499
Do Anjaane,2h 35m,1976,6.7,498
Hatya,2h 31m,1988,6.9,498
PremGranth,2h 36m,1996,5,497
Tujhe Meri Kasam,2h 35m,2003,6.2,497
Doraemon: Nobita and the Birth of Japan,1h 42m,1989,6.9,495
Club 60,2h 17m,2013,7.5,495
Nanhe Jaisalmer: A Dream Come True,1h 48m,2007,6.3,495
Hum Dono,2h 44m,1961,7.5,493
Aakhir Palaayan Kab Tak..?,1h 48m,2024,7.5,491
Fatso!,1h 38m,2009,5.8,491
Bombairiya,1h 44m,2019,4.6,491
Lovefucked,1h 46m,2018,5.8,490
Bubble Gum,1h 56m,2011,7.3,489
Deewaanapan,2h 33m,2001,4.7,486
3 Storeys,1h 40m,2018,7,486
Aksar 2,2h 7m,2017,3.6,485
Before Life After Death,2h 16m,2022,7.4,485
Love U... Mr. Kalakaar!,2h 32m,2011,5.5,485
Kasme Vaade,2h 27m,1978,6.4,484
Dobaara: See Your Evil,1h 46m,2017,3.8,483
Shorts,1h 35m,2013,6.4,483
Benny and Babloo,2h 3m,2010,6.1,482
Union Leader,1h 46m,2017,7.1,482
Ankush,2h 29m,1986,7.6,481
Tere Ghar Ke Samne,2h 29m,1963,7.6,479
Haatim Tai,2h 5m,1990,5.8,479
Khud-Daar,2h 49m,1982,6.6,478
Karz: The Burden of Truth,2h 53m,2002,3.9,477
Droh Kaal,2h 42m,1994,7.8,476
Chitrakut,2h 42m,2022,6.9,476
Yaraana,2h 5m,1995,4.2,476
All Ladies Do It,1h 37m,2020,6,475
Pyaar Koi Khel Nahin,2h 45m,1999,3.7,474
Baankey Ki Crazy Baraat,2h 18m,2015,5.9,472
Julie,2h 24m,2004,4.1,471
Hum Ho Gaye Aap Ke,2h 48m,2001,4.4,471
Land of the Gods,1h 32m,2016,7.2,469
Hum To Mohabbat Karega,2h 33m,2000,3,469